;l_id;v_id_1;v_id_2;voltage;cables;wires;frequency;name;operator;ref;length_m;r_ohmkm;x_ohmkm;c_nfkm;i_th_max_a;from_relation
0;1;1;2;220000;3.0;2.0;50.0;Leitung 2016;TenneT;2016;43396;0.08;0.32;11.5;1.3;67129.0
1;2;3;4;380000;3.0;4.0;50.0;Leitung 3011;TenneT;;72714;0.025;0.25;13.7;2.6;67131.0
2;3;5;6;220000;3.0;2.0;50.0;Leitung 2024;TenneT;1;33954;0.08;0.32;11.5;1.3;67151.0
3;4;7;5;380000;3.0;4.0;50.0;Leitung 3026;TenneT;3026;33483;0.025;0.25;13.7;2.6;67153.0
4;5;8;9;380000;6.0;4.0;50.0;KKW Krümmel - UW Lüneburg;TenneT;;28172;0.0125;0.125;27.4;5.2;67585.0
5;6;10;11;220000;3.0;2.0;50.0;295;50Hertz;295;27550;0.08;0.32;11.5;1.3;69042.0
6;7;11;12;220000;3.0;2.0;50.0;293;50Hertz;293;45776;0.08;0.32;11.5;1.3;69043.0
7;8;10;12;220000;3.0;2.0;50.0;294;50Hertz;294;68345;0.08;0.32;11.5;1.3;69045.0
8;9;13;14;220000;3.0;2.0;50.0;Oba-Nfi I;TenneT TSO GmbH;263;39279;0.08;0.32;11.5;1.3;69488.0
9;10;13;15;380000;3.0;2.0;;Oba-Oh;transpower;461;44134;0.05;0.5;6.85;1.3;69489.0
10;11;16;5;380000;3.0;4.0;50.0;Leitung 3023;TenneT;2;36262;0.025;0.25;13.7;2.6;71281.0
11;12;17;18;380000;3.0;3.0;50.0;518;50Hertz;518;200169;0.033333;0.333333;10.275;1.95;109962.0
12;13;17;12;380000;3.0;3.0;50.0;520;50Hertz;520;24249;0.033333;0.333333;10.275;1.95;109969.0
13;14;13;15;380000;3.0;2.0;;Oberbachern - Ottenhofen;transpower;462;44206;0.05;0.5;6.85;1.3;112804.0
14;15;14;15;220000;6.0;2.0;50.0;Nfi-Oh;;"286;287";5431;0.04;0.16;23.0;2.6;112810.0
15;16;13;19;220000;6.0;2.0;50.0;OBR-OBA;TenneT;"269;270";30997;0.04;0.16;23.0;2.6;114252.0
16;17;20;21;380000;3.0;2.0;50.0;Hamburg/Ost - Hamburg/Nord;50Hertz;A;31297;0.05;0.5;6.85;1.3;114696.0
17;18;20;22;380000;3.0;4.0;;Brunsbüttel - Hamburg/Nord;50Hertz;G;57400;0.025;0.25;13.7;2.6;114718.0
18;19;20;23;220000;3.0;;;UW HH-Nord - UW Ulzburg;;;3314;;;;;114723.0
19;20;23;24;220000;6.0;;50.0;UW Hamburg Nord - UW Audorf;TenneT;;62941;;;;;114724.0
20;21;25;26;380000;6.0;;50.0;308 AKW Brokdorf - UW Wilster;TenneT;308;8184;;;;;114738.0
21;22;25;22;380000;3.0;;50.0;309 AKW Brunsbüttel - UW Wilster;TenneT;309;10279;;;;;114742.0
22;23;23;27;220000;3.0;;;AKW Stade - UW Hamburg Nord;TenneT;;41967;;;;;114747.0
23;24;28;23;220000;3.0;;;UW Kummerfeld - UW Hamburg Nord;TenneT;;19430;;;;;114752.0
24;25;8;21;380000;3.0;;50.0;"991;992";50Hertz;"991;992";28585;;;;;114782.0
25;26;9;29;380000;;4.0;50.0;3021 Lüneburg - Stadorf;TenneT;;25578;;;;;114789.0
26;27;31;32;380000;3.0;3.0;50.0;449 Mecklar - Vieselbach;50Hertz;449;129896;0.033333;0.333333;10.275;1.95;129420.0
27;28;32;33;380000;3.0;3.0;50.0;454 Eisenach - Vieselbach;50Hertz;454;72628;0.033333;0.333333;10.275;1.95;129422.0
28;29;34;35;220000;3.0;2.0;50.0;209 weiß;TenneT;209;5847;0.08;0.32;11.5;1.3;138889.0
29;30;35;36;220000;3.0;2.0;50.0;211 rot;TenneT;211;2651;0.08;0.32;11.5;1.3;138892.0
30;31;2;6;220000;3.0;2.0;50.0;Leitung 2008;TenneT;2008;74543;0.08;0.32;11.5;1.3;142684.0
31;32;37;10;380000;3.0;3.0;50.0;494;50Hertz;494;104147;0.033333;0.333333;10.275;1.95;145483.0
32;33;10;38;380000;3.0;3.0;50.0;498;50Hertz;498;29660;0.033333;0.333333;10.275;1.95;145484.0
33;34;37;38;380000;3.0;3.0;50.0;493;50Hertz;493;124549;0.033333;0.333333;10.275;1.95;145485.0
34;35;39;40;380000;3.0;3.0;50.0;513;50Hertz;513;195839;0.033333;0.333333;10.275;1.95;145508.0
35;36;39;41;380000;3.0;3.0;50.0;516;50Hertz;516;75663;0.033333;0.333333;10.275;1.95;145509.0
36;37;18;42;380000;3.0;3.0;50.0;512;50Hertz;512;148947;0.033333;0.333333;10.275;1.95;145513.0
37;38;10;43;220000;3.0;2.0;50.0;319;50Hertz;319;55074;0.08;0.32;11.5;1.3;240489.0
38;39;10;43;220000;3.0;2.0;50.0;324;50Hertz;324;55013;0.08;0.32;11.5;1.3;240490.0
39;40;44;45;220000;3.0;2.0;50.0;291;50Hertz;291;38927;0.08;0.32;11.5;1.3;241440.0
40;41;44;46;220000;3.0;2.0;;301 Wuhlheide - Marzahn;50Hertz;301;9161;0.08;0.32;11.5;1.3;241442.0
41;42;46;12;380000;3.0;4.0;;495;50Hertz;;16996;0.025;0.25;13.7;2.6;252583.0
42;43;46;12;380000;3.0;4.0;;496;50Hertz;;17015;0.025;0.25;13.7;2.6;252584.0
43;44;47;48;380000;3.0;1.0;50.0;836 (BIN-FRH);Stromnetz Berlin;;7712;0.1;1.0;3.425;0.65;252589.0
44;45;31;33;380000;3.0;3.0;50.0;450 Mecklar - Eisenach;50Hertz;450;58397;0.033333;0.333333;10.275;1.95;270536.0
45;46;31;51;380000;6.0;4.0;;3009 Borken - Mecklar;TenneT;3009;40727;0.0125;0.125;27.4;5.2;270963.0
46;47;52;53;380000;3.0;4.0;;Daxlanden - Eichstetten;EnBW;7510;121006;0.025;0.25;13.7;2.6;272103.0
47;48;52;54;380000;3.0;3.0;;Daxlanden - Philippsburg;EnBW;7520;32991;0.033333;0.333333;10.275;1.95;272126.0
48;49;52;55;220000;3.0;4.0;;Altlußheim - Daxlanden;EnBW;5100;37972;0.04;0.16;23.0;2.6;272681.0
49;50;52;56;220000;3.0;2.0;;Daxlanden - Neurott;EnBW;5100;66558;0.08;0.32;11.5;1.3;272682.0
50;51;57;52;220000;3.0;4.0;;Seehof (220 kV Daxlanden-Oberwald);EnBW;;13839;0.04;0.16;23.0;2.6;272728.0
51;52;57;58;220000;3.0;2.0;;Edelberg (220 kV Oberwald - Birkenfeld);EnBW;;21826;0.08;0.32;11.5;1.3;272729.0
52;53;58;52;220000;3.0;2.0;;Pfinztal (220 kV Daxlanden-Birkenfeld);EnBW;;29591;0.08;0.32;11.5;1.3;272732.0
53;54;59;60;380000;3.0;2.0;50.0;307;TenneT;;55597;0.05;0.5;6.85;1.3;289000.0
54;55;61;62;220000;3.0;1.0;50.0;2144;TenneT;;38668;0.16;0.64;5.75;0.65;300029.0
55;56;30;61;380000;3.0;2.0;50.0;Dollern-(Niedervieland/Unterweser)-Alfstedt;TenneT;3103;90826;0.05;0.5;6.85;1.3;309969.0
56;57;63;52;220000;3.0;2.0;50.0;Bühl - Daxlanden;EnBW;BUEHL-DAXLA;41544;0.08;0.32;11.5;1.3;339243.0
57;58;13;64;380000;3.0;4.0;;Oberbachern - Menzing;Stadtwerke München;"439;440";17129;0.025;0.25;13.7;2.6;377770.0
58;59;65;66;380000;3.0;3.0;;Etzenricht - Hradec;"CEPS;TenneT TSO GmbH";441;163586;0.033333;0.333333;10.275;1.95;395087.0
59;60;59;67;380000;3.0;2.0;50.0;303/307;TenneT;;14988;0.05;0.5;6.85;1.3;445559.0
60;61;61;67;380000;3.0;2.0;50.0;"307;303";TenneT;;37359;0.05;0.5;6.85;1.3;445560.0
61;62;68;69;380000;3.0;4.0;50.0;Ried Ost;Amprion;;64423;0.025;0.25;13.7;2.6;576361.0
62;63;70;69;380000;3.0;4.0;50.0;Ried West;Amprion;;55615;0.025;0.25;13.7;2.6;576364.0
63;64;71;72;380000;3.0;4.0;50.0;504;50Hertz;504;51006;0.025;0.25;13.7;2.6;902595.0
64;65;73;74;380000;3.0;3.0;50.0;501;50Hertz;501;54235;0.033333;0.333333;10.275;1.95;902597.0
65;66;37;75;380000;3.0;3.0;50.0;536 Klostermansfeld - Wolmirstedt;50Hertz;536;118963;0.033333;0.333333;10.275;1.95;904158.0
66;67;72;75;380000;3.0;4.0;50.0;538 Lauchstädt - Klostermansfeld;50Hertz;538;38633;0.025;0.25;13.7;2.6;904159.0
67;68;37;72;380000;3.0;3.0;50.0;535 Lauchstädt - Wolmirstedt;50Hertz;535;156923;0.033333;0.333333;10.275;1.95;904160.0
68;69;76;77;380000;3.0;4.0;;Leitung 3016;TenneT;3016;54129;0.025;0.25;13.7;2.6;906772.0
69;70;76;77;380000;3.0;4.0;;Leitung 3014;TenneT;3014;54129;0.025;0.25;13.7;2.6;906773.0
70;71;73;72;380000;3.0;3.0;50.0;503;50Hertz;503;110042;0.033333;0.333333;10.275;1.95;907513.0
71;72;18;40;380000;3.0;3.0;50.0;509;50Hertz;509;56402;0.033333;0.333333;10.275;1.95;912407.0
72;73;10;45;220000;3.0;3.0;50.0;526;50Hertz;526;70002;0.053333;0.213333;17.25;1.95;918562.0
73;74;10;74;380000;3.0;3.0;50.0;521;50Hertz;521;130600;0.033333;0.333333;10.275;1.95;918563.0
74;75;45;74;380000;3.0;1.0;50.0;522;50Hertz;522;61987;0.1;1.0;3.425;0.65;918564.0
75;76;78;32;380000;3.0;4.0;50.0;416;50Hertz;416;77739;0.025;0.25;13.7;2.6;918567.0
76;77;79;80;380000;3.0;;50.0;566;50Hertz;566;21986;;;;;919059.0
77;78;79;80;380000;3.0;;50.0;565;50Hertz;565;21969;;;;;919060.0
78;79;81;79;380000;3.0;;50.0;542;50Hertz;542;62103;;;;;919119.0
79;80;81;79;380000;3.0;;50.0;541;50Hertz;541;62118;;;;;919121.0
80;81;34;82;220000;3.0;2.0;50.0;300 Wilhelmshaven - Maade;;300;2345;0.08;0.32;11.5;1.3;941141.0
81;82;83;84;220000;3.0;2.0;50.0;211;TenneT;211;13656;0.08;0.32;11.5;1.3;943999.0
82;83;83;24;220000;3.0;1.0;50.0;207;TenneT;207;31619;0.16;0.64;5.75;0.65;945143.0
83;84;85;86;380000;3.0;4.0;50.0;Gronau West;Amprion;;46365;0.025;0.25;13.7;2.6;962084.0
84;85;87;86;380000;3.0;4.0;50.0;Münsterland;Amprion;;110063;0.025;0.25;13.7;2.6;962095.0
85;86;90;86;380000;3.0;4.0;50.0;Roxel Ost;Amprion;;69898;0.025;0.25;13.7;2.6;962096.0
86;87;91;86;380000;3.0;4.0;50.0;Emsland-D0;Amprion;;1071;0.025;0.25;13.7;2.6;962108.0
87;88;86;92;380000;3.0;4.0;50.0;Emsland-D2;Amprion;;1070;0.025;0.25;13.7;2.6;962109.0
88;89;91;86;380000;3.0;4.0;50.0;Emsland-D1;Amprion;;1071;0.025;0.25;13.7;2.6;962110.0
89;90;86;93;380000;3.0;4.0;50.0;Meppen;Amprion;;47098;0.025;0.25;13.7;2.6;962120.0
90;91;94;86;380000;3.0;4.0;50.0;Niedersachsen Süd;Amprion;;74440;0.025;0.25;13.7;2.6;962121.0
91;92;86;95;380000;3.0;4.0;50.0;Bramgau;Amprion;;60210;0.025;0.25;13.7;2.6;962122.0
92;93;86;96;220000;3.0;2.0;50.0;Benteler;Amprion;;1321;0.08;0.32;11.5;1.3;962172.0
93;94;97;66;380000;3.0;4.0;50.0;Etzenricht - Přeštice;ČEPS;442;110063;0.025;0.25;13.7;2.6;965662.0
94;95;42;98;380000;3.0;4.0;50.0;544;50Hertz;544;35726;0.025;0.25;13.7;2.6;1000670.0
95;96;99;100;380000;3.0;4.0;;Uchtelfangen West;Amprion;;94570;0.025;0.25;13.7;2.6;1020855.0
96;97;42;98;380000;3.0;4.0;50.0;543;50Hertz;543;35711;0.025;0.25;13.7;2.6;1021991.0
97;98;42;181;220000;3.0;2.0;50.0;315;50Hertz Transmission;315;151110;0.08;0.32;11.5;1.3;1021992.0
98;99;42;101;380000;3.0;4.0;50.0;424;50Hertz;424;47160;0.025;0.25;13.7;2.6;1022003.0
99;100;102;42;380000;3.0;4.0;50.0;423;50Hertz;423;71639;0.025;0.25;13.7;2.6;1022004.0
100;101;103;87;380000;3.0;4.0;50.0;Kusenhorst;Amprion;;40857;0.025;0.25;13.7;2.6;1082800.0
101;102;104;103;380000;3.0;4.0;50.0;Büscherhof West;Amprion;;16664;0.025;0.25;13.7;2.6;1082801.0
102;103;105;87;380000;3.0;4.0;50.0;Lippe Nord;Amprion;;37010;0.025;0.25;13.7;2.6;1082805.0
103;104;106;107;380000;3.0;3.0;50.0;Weitmar West;Amprion;;24759;0.033333;0.333333;10.275;1.95;1082806.0
104;105;108;107;380000;3.0;4.0;50.0;Eiberg Nord;Amprion;;14690;0.025;0.25;13.7;2.6;1082807.0
105;106;109;106;380000;3.0;4.0;50.0;Kemnade Süd;Amprion;;17508;0.025;0.25;13.7;2.6;1082808.0
106;107;110;111;380000;3.0;4.0;50.0;Sauerland Nord;Amprion;;114532;0.025;0.25;13.7;2.6;1082809.0
107;108;87;112;380000;3.0;4.0;50.0;Recklinghausen;Amprion;;35448;0.025;0.25;13.7;2.6;1082810.0
108;109;113;87;380000;3.0;4.0;50.0;Westfalen West;Amprion;;23003;0.025;0.25;13.7;2.6;1082811.0
109;110;87;85;380000;3.0;4.0;50.0;Hamaland;Amprion;;63813;0.025;0.25;13.7;2.6;1082814.0
110;111;110;114;380000;3.0;4.0;50.0;Arpe West;Amprion;;67402;0.025;0.25;13.7;2.6;1082816.0
111;112;115;116;220000;3.0;4.0;50.0;Frimmersdorf 5e;Amprion;;21325;0.04;0.16;23.0;2.6;1082942.0
112;113;117;118;380000;3.0;4.0;50.0;Ließem Ost;Amprion;;34590;0.025;0.25;13.7;2.6;1082943.0
113;114;117;119;380000;3.0;4.0;50.0;Sechtem Süd;Amprion;;44755;0.025;0.25;13.7;2.6;1082944.0
114;115;117;120;380000;3.0;4.0;50.0;Siegtal Süd;Amprion;;68016;0.025;0.25;13.7;2.6;1082946.0
115;116;121;122;380000;3.0;4.0;50.0;Röhe Nord;Amprion;;12227;0.025;0.25;13.7;2.6;1082948.0
116;117;123;124;380000;3.0;4.0;50.0;Neurath 3c;Amprion;;10621;0.025;0.25;13.7;2.6;1082949.0
117;118;144;107;220000;3.0;2.0;50.0;Bochum West;Amprion;;12828;0.08;0.32;11.5;1.3;1082996.0
118;119;125;126;380000;3.0;4.0;50.0;Leichlingen Ost;Amprion;;28549;0.025;0.25;13.7;2.6;1082952.0
119;120;127;119;380000;3.0;4.0;50.0;Weisweiler Süd;Amprion;;16770;0.025;0.25;13.7;2.6;1082953.0
120;121;118;496;380000;3.0;4.0;50.0;380 kV Weißenthurm Ost;Amprion;;42735;0.025;0.25;13.7;2.6;1082954.0
121;122;121;119;380000;3.0;4.0;50.0;Weisweiler Nord;Amprion;;14746;0.025;0.25;13.7;2.6;1082955.0
122;123;129;124;220000;3.0;2.0;50.0;Neurath 1a;Amprion;;34376;0.08;0.32;11.5;1.3;1082956.0
123;124;125;130;380000;3.0;4.0;50.0;Leichlingen West;Amprion;;16939;0.025;0.25;13.7;2.6;1082957.0
124;125;125;123;380000;3.0;4.0;50.0;Opladen Nord;Amprion;;22041;0.025;0.25;13.7;2.6;1082958.0
125;126;131;132;380000;3.0;4.0;50.0;St. Peter Nord;Amprion;;20649;0.025;0.25;13.7;2.6;1082959.0
126;127;133;123;380000;3.0;4.0;50.0;Brauweiler West;Amprion;;22324;0.025;0.25;13.7;2.6;1082960.0
127;128;117;120;380000;3.0;4.0;50.0;Siegtal Nord;Amprion;;68009;0.025;0.25;13.7;2.6;1082961.0
128;129;117;134;220000;3.0;4.0;50.0;Godorf West;Amprion;;24483;0.04;0.16;23.0;2.6;1082962.0
129;130;135;136;380000;3.0;4.0;50.0;Haarstrang West;Amprion;;30293;0.025;0.25;13.7;2.6;1082963.0
130;131;125;123;380000;3.0;4.0;50.0;Opladen Süd;Amprion;;22041;0.025;0.25;13.7;2.6;1082964.0
131;132;123;131;380000;3.0;4.0;50.0;St. Peter Süd;Amprion;;18129;0.025;0.25;13.7;2.6;1082965.0
132;133;117;119;380000;3.0;4.0;50.0;Sechtem Nord;Amprion;;44755;0.025;0.25;13.7;2.6;1082966.0
133;134;117;496;380000;3.0;4.0;50.0;380 kV Mittelrhein;Amprion;;62393;0.025;0.25;13.7;2.6;1082967.0
134;135;137;105;220000;3.0;2.0;50.0;Pfalzdorf Süd;Amprion;;41490;0.08;0.32;11.5;1.3;1082973.0
135;136;138;87;220000;3.0;3.0;50.0;Scholven D;Amprion;;13502;0.053333;0.213333;17.25;1.95;1082974.0
136;137;139;105;220000;3.0;2.0;50.0;Schermbeck Nord;Amprion;;32156;0.08;0.32;11.5;1.3;1082975.0
137;138;184;185;220000;3.0;1.0;50.0;Ürdingen West;Amprion;;14091;0.16;0.64;5.75;0.65;1190720.0
138;139;140;87;220000;3.0;2.0;50.0;Hochlarmark Ost;Amprion;;28028;0.08;0.32;11.5;1.3;1082976.0
139;140;106;141;220000;3.0;2.0;50.0;Laer West;Amprion;;18409;0.08;0.32;11.5;1.3;1082983.0
140;141;142;107;220000;3.0;2.0;50.0;Herne 1A;Amprion;;17740;0.08;0.32;11.5;1.3;1082984.0
141;142;129;123;220000;3.0;2.0;50.0;Frixheim Nord;Amprion;;30679;0.08;0.32;11.5;1.3;1082985.0
142;143;140;143;220000;3.0;2.0;50.0;Knepper C;Amprion;;7064;0.08;0.32;11.5;1.3;1082986.0
143;144;142;144;220000;3.0;3.0;50.0;Herne 4;Amprion;;15154;0.053333;0.213333;17.25;1.95;1082987.0
144;145;140;106;220000;3.0;2.0;50.0;Pöppinghausen Ost;Amprion;;30938;0.08;0.32;11.5;1.3;1082989.0
145;146;145;146;220000;3.0;2.0;50.0;Frixheim Süd;Amprion;;43153;0.08;0.32;11.5;1.3;1082990.0
146;147;147;107;220000;3.0;1.0;50.0;Herdecke Nord;Amprion;;37526;0.16;0.64;5.75;0.65;1082992.0
147;148;139;107;220000;3.0;1.0;50.0;Gladbeck West;Amprion;;22121;0.16;0.64;5.75;0.65;1082997.0
148;149;140;141;220000;3.0;2.0;50.0;Pöppinghausen West;Amprion;;12651;0.08;0.32;11.5;1.3;1082998.0
149;150;142;107;220000;3.0;2.0;50.0;Herne 2B;Amprion;;21361;0.08;0.32;11.5;1.3;1082999.0
150;151;147;107;220000;3.0;1.0;50.0;Herdecke Süd;Amprion;;37240;0.16;0.64;5.75;0.65;1083001.0
151;152;125;123;220000;3.0;2.0;50.0;Stommeln Nord;Amprion;;23279;0.08;0.32;11.5;1.3;1083933.0
152;153;125;148;220000;3.0;2.0;50.0;Eller Ost;Amprion;;21641;0.08;0.32;11.5;1.3;1083953.0
153;154;149;150;220000;3.0;2.0;50.0;Gremberghoven West;Amprion;;20724;0.08;0.32;11.5;1.3;1083959.0
154;155;145;125;220000;3.0;2.0;50.0;Kasselberg Süd;Amprion;;4849;0.08;0.32;11.5;1.3;1083962.0
155;156;129;151;220000;3.0;2.0;50.0;Osterath West;Amprion;;19882;0.08;0.32;11.5;1.3;1083967.0
156;157;149;120;220000;3.0;2.0;50.0;Leuscheid Nord;Amprion;;51137;0.08;0.32;11.5;1.3;1083988.0
157;158;126;120;380000;3.0;4.0;50.0;Dauersberg Ost;Amprion;;73839;0.025;0.25;13.7;2.6;1083990.0
158;159;129;153;220000;3.0;2.0;50.0;Fichtenhain Ost;Amprion;;34101;0.08;0.32;11.5;1.3;1083998.0
159;160;125;147;220000;3.0;1.0;50.0;Bigge West;Amprion;;119423;0.16;0.64;5.75;0.65;1084000.0
160;161;125;154;220000;3.0;1.0;50.0;Dünnwald West;Amprion;;9876;0.16;0.64;5.75;0.65;1084001.0
161;162;149;120;220000;3.0;2.0;50.0;Leuscheid Süd;Amprion;;51137;0.08;0.32;11.5;1.3;1084007.0
162;163;130;120;380000;3.0;4.0;50.0;Dauersberg West;Amprion;;83803;0.025;0.25;13.7;2.6;1084017.0
163;164;125;155;220000;3.0;1.0;50.0;Bigge Ost;Amprion;;121520;0.16;0.64;5.75;0.65;1084020.0
164;165;125;154;220000;3.0;1.0;50.0;Dünnwald Ost;Amprion;;9876;0.16;0.64;5.75;0.65;1084021.0
165;166;117;156;220000;3.0;4.0;50.0;Knapsack 2b;Amprion;;13422;0.04;0.16;23.0;2.6;1084023.0
166;167;117;149;220000;3.0;2.0;50.0;Troisdorf Ost;Amprion;;17043;0.08;0.32;11.5;1.3;1084027.0
167;168;154;150;220000;3.0;1.0;50.0;Merheim Ost;Amprion;;11404;0.16;0.64;5.75;0.65;1084032.0
168;169;154;150;220000;3.0;1.0;50.0;Merheim West;Amprion;;11404;0.16;0.64;5.75;0.65;1084040.0
169;170;117;149;220000;3.0;2.0;50.0;Troisdorf West;Amprion;;17080;0.08;0.32;11.5;1.3;1084046.0
170;171;157;110;380000;3.0;4.0;50.0;Gütersloh Süd;Amprion;;57561;0.025;0.25;13.7;2.6;1084345.0
171;172;119;158;380000;3.0;4.0;50.0;Hambach 3c;Amprion;;4315;0.025;0.25;13.7;2.6;1084358.0
172;173;159;60;380000;3.0;2.0;50.0;302;transpower;302;31685;0.05;0.5;6.85;1.3;1086366.0
173;174;160;161;220000;3.0;2.0;50.0;302;TenneT;302;32250;0.08;0.32;11.5;1.3;1086367.0
174;175;115;151;220000;3.0;4.0;50.0;Frimmersdorf 4d;Amprion;;11477;0.04;0.16;23.0;2.6;1101991.0
175;176;162;134;220000;3.0;2.0;50.0;Bocklemünd Süd;Amprion;;4814;0.08;0.32;11.5;1.3;1101996.0
176;177;115;123;220000;3.0;2.0;50.0;Frimmersdorf 3c;Amprion;;5731;0.08;0.32;11.5;1.3;1101999.0
177;178;162;134;220000;3.0;2.0;50.0;Bocklemünd Nord;Amprion;;4814;0.08;0.32;11.5;1.3;1102004.0
178;179;209;4;380000;6.0;4.0;50.0;Leitung 3017;TenneT;3017;25851;0.0125;0.125;27.4;5.2;1630911.0
179;180;123;163;380000;3.0;4.0;50.0;Paffendorf Süd;Amprion;;13159;0.025;0.25;13.7;2.6;1102892.0
180;181;112;164;380000;3.0;4.0;50.0;Datteln West;Amprion;;10048;0.025;0.25;13.7;2.6;1109593.0
181;182;112;165;380000;3.0;4.0;50.0;Mengede Nord;Amprion;;34603;0.025;0.25;13.7;2.6;1109595.0
182;183;166;165;380000;3.0;4.0;50.0;Bergkamen A;Amprion;;15211;0.025;0.25;13.7;2.6;1109596.0
183;184;112;164;380000;3.0;4.0;50.0;Datteln Ost;Amprion;;10022;0.025;0.25;13.7;2.6;1109599.0
184;185;167;165;220000;3.0;2.0;50.0;Wambel Ost;Amprion;;25182;0.08;0.32;11.5;1.3;1109600.0
185;186;168;104;380000;3.0;4.0;50.0;Essen West;Amprion;;14745;0.025;0.25;13.7;2.6;1109607.0
186;187;138;104;220000;3.0;2.0;50.0;Scholven E;Amprion;;24441;0.08;0.32;11.5;1.3;1109609.0
187;188;139;104;220000;3.0;2.0;50.0;Buer Süd;Amprion;;16160;0.08;0.32;11.5;1.3;1109610.0
188;189;104;169;220000;3.0;2.0;50.0;LMG West;Amprion;;3433;0.08;0.32;11.5;1.3;1109616.0
189;190;104;169;220000;3.0;2.0;50.0;LMG Ost;Amprion;;3428;0.08;0.32;11.5;1.3;1109619.0
190;191;168;105;380000;3.0;4.0;50.0;Lippe Süd;Amprion;;42407;0.025;0.25;13.7;2.6;1116357.0
191;192;104;170;220000;3.0;2.0;50.0;Osterfeld West;Amprion;;8912;0.08;0.32;11.5;1.3;1123975.0
192;193;104;170;220000;3.0;1.0;50.0;Osterfeld Ost;Amprion;;8840;0.16;0.64;5.75;0.65;1123976.0
193;194;138;87;380000;3.0;4.0;50.0;Scholven B;Amprion;;13678;0.025;0.25;13.7;2.6;1128366.0
194;195;139;87;220000;3.0;2.0;50.0;Polsum Süd;Amprion;;11836;0.08;0.32;11.5;1.3;1128368.0
195;196;138;87;380000;3.0;4.0;50.0;Scholven F;Amprion;;12950;0.025;0.25;13.7;2.6;1128370.0
196;197;171;89;220000;3.0;4.0;50.0;Meerbusch Ost;Amprion;;16656;0.04;0.16;23.0;2.6;1141433.0
197;198;119;158;380000;3.0;4.0;50.0;Hambach 1a;Amprion;;4315;0.025;0.25;13.7;2.6;1167325.0
198;199;105;172;220000;3.0;4.0;50.0;Dinslaken West;Amprion;;18857;0.04;0.16;23.0;2.6;1167326.0
199;200;123;173;380000;3.0;4.0;50.0;Knechtsteden West;Amprion;;30311;0.025;0.25;13.7;2.6;1167329.0
200;201;119;158;380000;3.0;4.0;50.0;Hambach 2b;Amprion;;4315;0.025;0.25;13.7;2.6;1167330.0
201;202;105;174;220000;3.0;2.0;50.0;Sterkrade Nord;Amprion;;19909;0.08;0.32;11.5;1.3;1167333.0
202;203;37;39;380000;3.0;4.0;50.0;489;50Hertz;489;37294;0.025;0.25;13.7;2.6;1173397.0
203;204;129;175;220000;3.0;2.0;50.0;Stratum Ost;Amprion;;19859;0.08;0.32;11.5;1.3;1174140.0
204;205;129;176;220000;3.0;2.0;50.0;Fichtenhain West;Amprion;;8599;0.08;0.32;11.5;1.3;1174142.0
205;206;88;129;220000;3.0;2.0;50.0;Gellep West;Amprion;;9100;0.08;0.32;11.5;1.3;1174143.0
206;207;177;18;220000;3.0;2.0;50.0;313;50Hertz_Transmission;313;56383;0.08;0.32;11.5;1.3;1177425.0
207;208;177;18;220000;3.0;2.0;50.0;314;50Hertz_Transmission;314;56329;0.08;0.32;11.5;1.3;1177426.0
208;209;178;120;220000;3.0;2.0;50.0;Heller Ost;Amprion;;47007;0.08;0.32;11.5;1.3;1182294.0
209;210;179;12;220000;3.0;2.0;50.0;303;50Hertz_Transmission;303;86207;0.08;0.32;11.5;1.3;1188567.0
210;211;180;181;220000;3.0;2.0;50.0;306;50Hertz Transmission;306;61993;0.08;0.32;11.5;1.3;1188568.0
211;212;182;180;220000;3.0;2.0;50.0;220kV Krajnik - Vierraden;"PSE Operator;50Hertz";507;26216;0.08;0.32;11.5;1.3;1188569.0
212;213;179;181;220000;3.0;2.0;50.0;305;50Hertz Transmission;305;29595;0.08;0.32;11.5;1.3;1188570.0
213;214;180;12;220000;3.0;2.0;50.0;304;50Hertz_Transmission;304;100891;0.08;0.32;11.5;1.3;1188571.0
214;215;183;30;380000;3.0;4.0;50.0;E;50Hertz Transmission;E;28686;0.025;0.25;13.7;2.6;1188840.0
215;216;183;21;380000;3.0;4.0;50.0;C;50Hertz Transmission;C;29684;0.025;0.25;13.7;2.6;1188841.0
216;217;183;21;380000;3.0;4.0;50.0;D;50Hertz Transmission;D;29637;0.025;0.25;13.7;2.6;1188844.0
217;218;183;30;380000;3.0;4.0;50.0;F;50Hertz Transmission;F;28665;0.025;0.25;13.7;2.6;1188848.0
218;219;88;89;220000;3.0;2.0;50.0;Stratum West;Amprion;;5752;0.08;0.32;11.5;1.3;1190715.0
219;220;184;89;220000;3.0;2.0;50.0;Mündelheim Nord;Amprion;;21948;0.08;0.32;11.5;1.3;1190723.0
220;221;184;186;380000;3.0;4.0;50.0;Lohheide West;Amprion;;9562;0.025;0.25;13.7;2.6;1208415.0
221;222;184;187;380000;3.0;4.0;50.0;Zensenbusch Süd;Amprion;;15589;0.025;0.25;13.7;2.6;1208417.0
222;223;137;105;220000;3.0;2.0;50.0;Pfalzdorf Nord;Amprion;;41487;0.08;0.32;11.5;1.3;1208426.0
223;224;104;172;220000;3.0;2.0;50.0;Emscher Nord;Amprion;;10355;0.08;0.32;11.5;1.3;1224880.0
224;225;104;172;220000;3.0;2.0;50.0;Emscher Süd;Amprion;;10343;0.08;0.32;11.5;1.3;1224881.0
225;226;89;175;220000;3.0;2.0;50.0;Rheinhausen West;Amprion;;5644;0.08;0.32;11.5;1.3;1225767.0
226;227;185;89;220000;3.0;2.0;50.0;Mündelheim Süd;Amprion;;8792;0.08;0.32;11.5;1.3;1225768.0
227;228;89;188;220000;3.0;2.0;50.0;Huckingen 2b;Amprion;;4702;0.08;0.32;11.5;1.3;1225769.0
228;229;189;190;380000;3.0;3.0;;ENGST-TRSNG;EnBW;;37272;0.033333;0.333333;10.275;1.95;1460038.0
229;230;191;172;220000;3.0;2.0;50.0;Walsum Süd;Amprion;;6770;0.08;0.32;11.5;1.3;1491474.0
230;231;191;172;220000;3.0;2.0;50.0;Walsum Nord;Amprion;;6526;0.08;0.32;11.5;1.3;1491477.0
231;232;42;192;220000;3.0;2.0;50.0;;50Hertz;;928;0.08;0.32;11.5;1.3;1521278.0
232;233;42;192;220000;3.0;2.0;50.0;;50Hertz;;933;0.08;0.32;11.5;1.3;1521279.0
233;234;105;186;380000;3.0;4.0;50.0;Niederrhein West;Amprion;;18908;0.025;0.25;13.7;2.6;1526991.0
234;235;105;187;380000;3.0;4.0;50.0;Zensenbusch Nord;Amprion;;12542;0.025;0.25;13.7;2.6;1527013.0
235;236;191;193;220000;3.0;2.0;50.0;Beeck Tr212;Amprion;;8487;0.08;0.32;11.5;1.3;1527967.0
236;237;187;497;380000;3.0;4.0;50.0;Voerde B;Amprion;;575;0.025;0.25;13.7;2.6;1527969.0
237;238;187;497;380000;3.0;4.0;50.0;Voerde A;Amprion;;495;0.025;0.25;13.7;2.6;1527971.0
238;239;191;195;220000;3.0;2.0;50.0;Möllen Süd;Amprion;;6648;0.08;0.32;11.5;1.3;1527975.0
239;240;191;196;220000;3.0;2.0;50.0;Schwelgern Tr22;Amprion;;5029;0.08;0.32;11.5;1.3;1527977.0
240;241;197;195;220000;3.0;2.0;50.0;Möllen Nord;Amprion;;7166;0.08;0.32;11.5;1.3;1527982.0
241;242;197;191;220000;3.0;2.0;50.0;Löhnen West;Amprion;;13874;0.08;0.32;11.5;1.3;1527984.0
242;243;199;165;220000;3.0;1.0;50.0;Cappenberg Süd;Amprion;;27329;0.16;0.64;5.75;0.65;1547542.0
243;244;134;123;220000;3.0;2.0;50.0;Rommerskirchen Ost;Amprion;;11755;0.08;0.32;11.5;1.3;1548412.0
244;245;200;193;220000;3.0;2.0;50.0;Stockum West;Amprion;;2835;0.08;0.32;11.5;1.3;1578736.0
245;246;200;193;220000;3.0;2.0;50.0;Stockum Ost;Amprion;;2835;0.08;0.32;11.5;1.3;1578739.0
246;247;4;201;380000;3.0;2.0;50.0;3003 schwarz;TenneT;3003;79222;0.05;0.5;6.85;1.3;1584792.0
247;248;4;201;380000;3.0;2.0;50.0;3003 grün;TenneT;3003;79314;0.05;0.5;6.85;1.3;1584793.0
248;249;202;86;380000;3.0;4.0;50.0;Kernkraftwerk Emsland;Amprion;;759;0.025;0.25;13.7;2.6;1596307.0
249;250;85;203;380000;3.0;4.0;50.0;Gronau - Hengelo weiß;Amprion;;21971;0.025;0.25;13.7;2.6;1596713.0
250;251;85;203;380000;3.0;4.0;50.0;Gronau - Hengelo schwarz;Amprion;;21965;0.025;0.25;13.7;2.6;1596714.0
251;252;147;204;220000;3.0;2.0;50.0;Südleitung;markE;S;22340;0.08;0.32;11.5;1.3;1605946.0
252;253;147;204;220000;3.0;2.0;50.0;Nordleitung;markE;N;22343;0.08;0.32;11.5;1.3;1605949.0
253;254;147;205;220000;3.0;1.0;50.0;Koepchenwerk Maschine 5;Amprion;;4510;0.16;0.64;5.75;0.65;1606843.0
254;255;123;206;380000;3.0;4.0;50.0;Neurath 4d;Amprion;;6701;0.025;0.25;13.7;2.6;1610217.0
255;256;123;206;380000;3.0;4.0;50.0;Neurath 5e;Amprion;;6646;0.025;0.25;13.7;2.6;1610218.0
256;257;165;207;220000;3.0;2.0;50.0;Werse West;Amprion;;27924;0.08;0.32;11.5;1.3;1610616.0
257;258;165;208;380000;3.0;4.0;50.0;Waltrop Süd;Amprion;;23954;0.025;0.25;13.7;2.6;1610620.0
258;259;4;2;380000;6.0;4.0;50.0;Robert Frank - Landesbergen;transpower;;1268;0.0125;0.125;27.4;5.2;1630850.0
259;260;4;2;380000;3.0;4.0;50.0;Leitung 3004;transpower;3004;1106;0.025;0.25;13.7;2.6;1630851.0
260;261;4;2;380000;3.0;4.0;50.0;Leitung 3005;transpower;3005;903;0.025;0.25;13.7;2.6;1630852.0
261;262;119;163;380000;3.0;4.0;50.0;Oberzier Süd;Amprion;;20419;0.025;0.25;13.7;2.6;1632259.0
262;263;210;3;380000;3.0;4.0;50.0;Leitung 3013;TenneT;3013;1821;0.025;0.25;13.7;2.6;1633120.0
263;264;99;211;380000;3.0;4.0;;Bliestal Süd;Amprion;;20245;0.025;0.25;13.7;2.6;1636702.0
264;265;99;69;380000;3.0;4.0;50.0;Bürstadt Ltg;Amprion;;125479;0.025;0.25;13.7;2.6;1636703.0
265;266;212;99;380000;3.0;4.0;;Uchtelfangen Ost;Amprion;;48835;0.025;0.25;13.7;2.6;1636708.0
266;267;213;214;220000;3.0;1.0;50.0;Rheinau Ost;Amprion;;45094;0.16;0.64;5.75;0.65;1636720.0
267;268;69;215;220000;3.0;2.0;50.0;Anilin 1A;Amprion;;13611;0.08;0.32;11.5;1.3;1636721.0
268;269;69;496;380000;3.0;4.0;50.0;380 kV Soonwald West;Amprion;;123773;0.025;0.25;13.7;2.6;1636722.0
269;270;69;496;380000;3.0;4.0;50.0;380 kV Soonwald Ost;Amprion;;123793;0.025;0.25;13.7;2.6;1636723.0
270;271;69;215;220000;3.0;2.0;50.0;Anilin 2B;Amprion;;13609;0.08;0.32;11.5;1.3;1636726.0
271;272;216;69;380000;3.0;4.0;50.0;Kugelberg West;Amprion;;111279;0.025;0.25;13.7;2.6;1636729.0
272;273;216;69;380000;3.0;4.0;50.0;Kugelberg Ost;Amprion;;111271;0.025;0.25;13.7;2.6;1636730.0
273;274;213;214;220000;3.0;2.0;50.0;Rheinau West;Amprion;;45094;0.08;0.32;11.5;1.3;1636737.0
274;275;217;98;380000;3.0;4.0;50.0;546;50Hertz;546;7385;0.025;0.25;13.7;2.6;1636750.0
275;276;42;218;220000;3.0;2.0;50.0;275;50Hertz Transmission;275;41561;0.08;0.32;11.5;1.3;1636782.0
276;277;177;42;220000;3.0;2.0;50.0;276/317;50Hertz Transmission;"276;317";106680;0.08;0.32;11.5;1.3;1636783.0
277;278;219;209;380000;3.0;4.0;50.0;;TenneT;3018;45510;0.025;0.25;13.7;2.6;1636863.0
278;279;219;220;380000;3.0;4.0;50.0;Eickum - Bechterdissen;TenneT;;15060;0.025;0.25;13.7;2.6;1636864.0
279;280;219;220;380000;3.0;4.0;50.0;Eickum - Bechterdissen;TenneT;;15054;0.025;0.25;13.7;2.6;1636865.0
280;281;219;209;380000;3.0;4.0;50.0;Overstädt - Eickum;TenneT;3018;45519;0.025;0.25;13.7;2.6;1636866.0
281;282;94;95;380000;3.0;4.0;50.0;Niedersachsen Nord;Amprion;;61867;0.025;0.25;13.7;2.6;1636917.0
282;283;159;221;380000;3.0;2.0;50.0;;TenneT;304;57422;0.05;0.5;6.85;1.3;1637160.0
283;284;159;221;380000;3.0;2.0;50.0;;TenneT;304;57414;0.05;0.5;6.85;1.3;1637161.0
284;285;34;161;220000;3.0;2.0;50.0;204 rot;TenneT;204;33177;0.08;0.32;11.5;1.3;1637162.0
285;286;222;221;380000;6.0;2.0;50.0;Diele (DE) - Meeden (NL);TenneT;306;26839;0.025;0.25;13.7;2.6;1637163.0
286;287;34;161;220000;3.0;2.0;50.0;204 blau;TenneT;204;33182;0.08;0.32;11.5;1.3;1637164.0
287;288;211;52;380000;3.0;;50.0;Kaiserslautern Süd;Amprion;;152170;;;;;1638847.0
288;289;215;223;220000;3.0;;50.0;Weingarten Ltg;Amprion;;73735;;;;;1638848.0
289;290;224;215;220000;3.0;;50.0;Roxheim Süd;Amprion;;28879;;;;;1638849.0
290;291;225;224;220000;3.0;;50.0;Eisbach Süd;Amprion;;63560;;;;;1638851.0
291;292;224;223;220000;3.0;;50.0;Bienwald West;Amprion;;46998;;;;;1638852.0
292;293;226;6;220000;3.0;1.0;50.0;Leitung 2001/2030;TenneT;2001/2030;48570;0.16;0.64;5.75;0.65;1639492.0
293;294;7;3;380000;3.0;4.0;50.0;Leitung 3027;TenneT;3027;53927;0.025;0.25;13.7;2.6;1639494.0
294;295;216;227;380000;3.0;4.0;50.0;Donau Ost;Amprion;;114977;0.025;0.25;13.7;2.6;1641461.0
295;296;228;229;220000;3.0;;50.0;Bergstraße;Amprion;;15957;;;;;1641462.0
296;297;227;230;380000;3.0;4.0;50.0;Günzburg Süd;Amprion;;46083;0.025;0.25;13.7;2.6;1641463.0
297;298;231;53;380000;6.0;4.0;50.0;Rheingraben;Amprion;;83123;0.0125;0.125;27.4;5.2;1641466.0
298;299;232;233;220000;3.0;;50.0;Iller Ltg.;Amprion;;19768;;;;;1641467.0
299;300;234;235;220000;3.0;;50.0;Gurtweil - Stockach;Amprion;;69736;;;;;1641471.0
300;301;236;214;220000;3.0;;50.0;Nord-Süd-Leitung RWE Hoheneck–Rheinau;Amprion;;86285;;;;;1641472.0
301;302;227;230;380000;3.0;4.0;50.0;Günzburg Nord;Amprion;;46142;0.025;0.25;13.7;2.6;1641474.0
302;303;233;227;380000;3.0;4.0;50.0;Donau West;Amprion;;16623;0.025;0.25;13.7;2.6;1641476.0
303;304;238;498;220000;3.0;2.0;50.0;Heisdorf - Trier Süd;Amprion;;39815;0.08;0.32;11.5;1.3;1641479.0
304;305;212;100;380000;3.0;4.0;;Gilzem Ost;Amprion;;45953;0.025;0.25;13.7;2.6;1641482.0
305;306;100;239;220000;3.0;2.0;;Niederstedem Ost;Amprion;;26324;0.08;0.32;11.5;1.3;1641485.0
306;307;238;100;220000;3.0;2.0;;Niederstedem West;Amprion;;22939;0.08;0.32;11.5;1.3;1641488.0
307;308;213;240;220000;;;50.0;Marxheim Ost;Amprion;;25199;;;;;1641698.0
308;309;241;242;380000;3.0;4.0;50.0;Hessen Ost;Amprion;;56988;0.025;0.25;13.7;2.6;1641699.0
309;310;70;241;380000;3.0;4.0;50.0;Trebur Süd;Amprion;;18927;0.025;0.25;13.7;2.6;1641702.0
310;311;70;241;380000;3.0;4.0;50.0;Trebur Nord;Amprion;;26074;0.025;0.25;13.7;2.6;1641706.0
311;312;243;244;220000;3.0;;50.0;Chlor West;Amprion;;3297;;;;;1641722.0
312;313;243;244;220000;3.0;;50.0;Chlor Ost;Amprion;;3297;;;;;1641723.0
313;314;68;213;220000;;;50.0;Pfungstadt Ost;Amprion;;34387;;;;;1641734.0
314;315;68;213;220000;3.0;;50.0;Kranichstein Ost;Amprion;;34387;;;;;1641735.0
315;316;68;245;380000;3.0;4.0;50.0;Untermain Nord;Amprion;;20594;0.025;0.25;13.7;2.6;1641756.0
316;317;245;246;380000;3.0;4.0;50.0;Untermain Süd;Amprion;;4449;0.025;0.25;13.7;2.6;1641757.0
317;318;68;246;380000;3.0;4.0;50.0;Karlstein Süd;Amprion;;23425;0.025;0.25;13.7;2.6;1641761.0
318;319;232;247;220000;3.0;4.0;50.0;Füssen West;Amprion;;73190;0.04;0.16;23.0;2.6;1641774.0
319;320;247;227;380000;3.0;4.0;50.0;Vöhringen Ost;Amprion;;73241;0.025;0.25;13.7;2.6;1641775.0
320;321;248;208;380000;3.0;4.0;50.0;Stummhafen 1A;Amprion;;5992;0.025;0.25;13.7;2.6;1659072.0
321;322;112;208;380000;3.0;4.0;50.0;Mengede Süd;Amprion;;10356;0.025;0.25;13.7;2.6;1659073.0
322;323;167;165;220000;3.0;2.0;50.0;Wambel West;Amprion;;25193;0.08;0.32;11.5;1.3;1685857.0
323;324;165;249;380000;3.0;4.0;50.0;Gersteinwerk K2;Amprion;;1222;0.025;0.25;13.7;2.6;1686082.0
324;325;165;250;220000;3.0;2.0;50.0;Gersteinwerk F2;Amprion;;485;0.08;0.32;11.5;1.3;1686885.0
325;326;165;251;220000;3.0;2.0;50.0;Gersteinwerk G2;Amprion;;487;0.08;0.32;11.5;1.3;1686886.0
326;327;165;252;220000;3.0;2.0;50.0;Gersteinwerk I2;Amprion;;401;0.08;0.32;11.5;1.3;1686887.0
327;328;110;253;380000;3.0;4.0;50.0;Lippborg Trafo 412;Amprion;;1378;0.025;0.25;13.7;2.6;1703456.0
328;329;110;198;380000;3.0;4.0;50.0;Westfalen D;Amprion;;2168;0.025;0.25;13.7;2.6;1703680.0
329;330;110;198;380000;3.0;4.0;50.0;Westfalen E;Amprion;;2164;0.025;0.25;13.7;2.6;1703681.0
330;331;69;254;220000;3.0;1.0;50.0;Windesheim;Amprion;;64059;0.16;0.64;5.75;0.65;1734958.0
331;332;255;496;220000;3.0;;50.0;220 kV Kondelwald;Amprion;;73291;;;;;1735055.0
332;333;239;498;220000;3.0;2.0;50.0;Heisdorf - Quint Nord;Amprion;;50054;0.08;0.32;11.5;1.3;1735096.0
333;334;256;238;220000;3.0;1.0;;Saar Nord;Amprion;;59103;0.16;0.64;5.75;0.65;1735138.0
334;335;69;215;220000;3.0;2.0;50.0;Anilin 3c;Amprion;;13169;0.08;0.32;11.5;1.3;1737369.0
335;336;69;215;220000;3.0;2.0;50.0;Anilin 4d;Amprion;;13162;0.08;0.32;11.5;1.3;1737370.0
336;337;69;257;380000;3.0;4.0;50.0;Biblis 1a;Amprion;;10842;0.025;0.25;13.7;2.6;1737371.0
337;338;69;257;380000;3.0;4.0;50.0;Biblis 2b;Amprion;;10829;0.025;0.25;13.7;2.6;1737372.0
338;339;69;225;220000;3.0;4.0;50.0;Roxheim Nord;Amprion;;66433;0.04;0.16;23.0;2.6;1737381.0
339;340;258;259;220000;3.0;2.0;50.0;Leitung 2014;TenneT;2;15321;0.08;0.32;11.5;1.3;1740850.0
340;341;260;190;380000;3.0;;50.0;OBJTT-ENGST 380 kV;;;33854;;;;;1747957.0
341;342;260;261;380000;3.0;;50.0;PULVE-OBJTT 380 kV;EnBW Transportnetze AG;;45599;;;;;1747958.0
342;343;262;263;380000;6.0;4.0;;Bürs - Obermooweiler;;;78478;0.0125;0.125;27.4;5.2;1750798.0
343;344;264;263;220000;3.0;1.0;;Nord-Süd-Leitung (Abschnitt Bürs-Herbertingen);;;132775;0.16;0.64;5.75;0.65;1750800.0
344;345;94;265;220000;3.0;2.0;50.0;Bohmte West;Amprion;;21130;0.08;0.32;11.5;1.3;1778832.0
345;346;14;266;220000;6.0;2.0;;;;"250;251";51437;0.04;0.16;23.0;2.6;1820695.0
346;347;116;267;220000;3.0;2.0;50.0;Norf Ost;Amprion;;3268;0.08;0.32;11.5;1.3;1897790.0
347;348;116;267;220000;3.0;2.0;50.0;Norf West;Amprion;;2955;0.08;0.32;11.5;1.3;1897791.0
348;349;151;116;220000;3.0;2.0;50.0;Zons Nord;Amprion;;10959;0.08;0.32;11.5;1.3;1897792.0
349;350;111;114;380000;3.0;4.0;50.0;Sauerland Süd;Amprion;;50886;0.025;0.25;13.7;2.6;1906209.0
350;351;77;111;380000;3.0;4.0;50.0;Twistetal Ost 3;Amprion;;33331;0.025;0.25;13.7;2.6;2050530.0
351;352;77;111;380000;3.0;4.0;50.0;Twistetal West 4;Amprion;;33335;0.025;0.25;13.7;2.6;2050531.0
352;353;268;120;220000;3.0;2.0;50.0;Siegerland West;Amprion;;15779;0.08;0.32;11.5;1.3;2137096.0
353;354;269;120;380000;3.0;4.0;50.0;Westerwald Ost 2;"Amprion;TenneT";;75907;0.025;0.25;13.7;2.6;2137098.0
354;355;270;271;220000;3.0;2.0;50.0;;TenneT;2021;1563;0.08;0.32;11.5;1.3;2140374.0
355;356;35;36;220000;3.0;2.0;50.0;;TenneT;;2642;0.08;0.32;11.5;1.3;2141066.0
356;357;272;273;220000;3.0;1.0;50.0;Kassø (DK) - Flensburg (DE) 220 kV;"Energinet.dk;TenneT";;40503;0.16;0.64;5.75;0.65;2143451.0
357;358;272;274;220000;3.0;1.0;50.0;Flensburg (DE) - Ensted (DK);"Energinet.dk;TenneT";;35818;0.16;0.64;5.75;0.65;2143452.0
358;359;275;496;220000;3.0;2.0;50.0;Bandstahl Trafo 201;Amprion;;5235;0.08;0.32;11.5;1.3;2147236.0
359;360;276;496;380000;3.0;4.0;50.0;380 kV Metternich;Amprion;;16938;0.025;0.25;13.7;2.6;2147303.0
360;361;34;277;220000;3.0;1.0;50.0;;TenneT;;627;0.16;0.64;5.75;0.65;2155389.0
361;362;34;35;220000;3.0;2.0;50.0;;TenneT;;5846;0.08;0.32;11.5;1.3;2155415.0
362;363;37;39;380000;3.0;3.0;50.0;490;50Hertz;490;37273;0.033333;0.333333;10.275;1.95;2188188.0
363;364;20;22;380000;3.0;4.0;50.0;Brunsbüttel - Hamburg/Nord;;H;57443;0.025;0.25;13.7;2.6;2189200.0
364;365;20;21;380000;3.0;2.0;50.0;Hamburg/Ost - Hamburg/Nord;50Hertz;B;31290;0.05;0.5;6.85;1.3;2189657.0
365;366;37;278;220000;3.0;2.0;50.0;329;50Hertz Transmission;329;20288;0.08;0.32;11.5;1.3;2237835.0
366;367;37;278;220000;3.0;2.0;50.0;330;50Hertz Transmission;330;20291;0.08;0.32;11.5;1.3;2237836.0
367;368;37;42;220000;3.0;2.0;50.0;332;50Hertz Transmission;332;194526;0.08;0.32;11.5;1.3;2237880.0
368;369;37;42;220000;3.0;2.0;50.0;331;50Hertz Transmission;331;194581;0.08;0.32;11.5;1.3;2237881.0
369;370;177;218;220000;3.0;2.0;50.0;318;50Hertz Transmission;318;65477;0.08;0.32;11.5;1.3;2238161.0
370;371;182;180;220000;3.0;2.0;50.0;220kV Krajnik - Vierraden;"PSE-O;50Hertz";508;26175;0.08;0.32;11.5;1.3;2239286.0
371;372;279;280;380000;3.0;4.0;50.0;572;50Hertz;572;83027;0.025;0.25;13.7;2.6;2247028.0
372;373;279;280;380000;3.0;4.0;50.0;571;50Hertz;571;83019;0.025;0.25;13.7;2.6;2247029.0
373;374;279;281;220000;3.0;3.0;50.0;207;50Hertz Transmission;207;98459;0.053333;0.213333;17.25;1.95;2247304.0
374;375;279;282;220000;3.0;;50.0;203;50Hertz Transmission;203;51644;;;;;2247305.0
375;376;282;281;220000;3.0;2.0;50.0;208;50Hertz Transmission;208;67510;0.08;0.32;11.5;1.3;2247306.0
376;377;279;78;380000;3.0;;50.0;Remptendorf - Röhrsdorf;50Hertz Transmission;474;103534;;;;;2247333.0
377;378;279;281;380000;3.0;;50.0;Weida - Röhrsdorf;50Hertz Transmission;575;61758;;;;;2247334.0
378;379;78;281;380000;3.0;;50.0;Remptendorf - Weida;50Hertz Transmission;573;45660;;;;;2247335.0
379;380;285;161;220000;3.0;1.0;50.0;;TenneT;206;55591;0.16;0.64;5.75;0.65;2277544.0
380;381;285;161;220000;3.0;1.0;50.0;;TenneT;206;55591;0.16;0.64;5.75;0.65;2277545.0
381;382;270;161;220000;3.0;2.0;50.0;203 weiß;TenneT;203;57126;0.08;0.32;11.5;1.3;2312879.0
382;383;270;161;220000;3.0;2.0;50.0;203;TenneT;203;57140;0.08;0.32;11.5;1.3;2312880.0
383;384;258;286;220000;3.0;2.0;50.0;Leitung 2013;TenneT;1;32546;0.08;0.32;11.5;1.3;2317630.0
384;385;258;286;220000;3.0;2.0;50.0;Leitung 2013;TenneT;2;32548;0.08;0.32;11.5;1.3;2317631.0
385;386;94;95;220000;3.0;2.0;50.0;Wiehengebirge Ost;Amprion;;61597;0.08;0.32;11.5;1.3;2450379.0
386;387;265;95;220000;3.0;4.0;50.0;Westerkappeln Nord;Amprion;;18372;0.04;0.16;23.0;2.6;2450498.0
387;388;265;95;220000;3.0;4.0;50.0;Westerkappeln Süd;Amprion;;18372;0.04;0.16;23.0;2.6;2450499.0
388;389;499;98;400000;1.0;;0.0;Kontek (DK);;;162811;;;;;2505320.0
389;390;95;287;220000;3.0;2.0;50.0;Ibbenbüren B;Amprion;;10454;0.08;0.32;11.5;1.3;2553276.0
390;391;63;288;220000;3.0;2.0;50.0;;EnBW;BUEHL-WEIER;28906;0.08;0.32;11.5;1.3;2553837.0
391;392;289;95;220000;3.0;1.0;50.0;Nike Süd;Amprion;;13109;0.16;0.64;5.75;0.65;2573771.0
392;393;8;102;380000;3.0;4.0;50.0;;50Hertz;419;87239;0.025;0.25;13.7;2.6;2910798.0
393;394;8;101;380000;3.0;4.0;;;50Hertz;420;111193;0.025;0.25;13.7;2.6;2910799.0
394;395;80;290;380000;3.0;;50.0;;50Hertz;551;46065;;;;;2927579.0
395;396;80;290;380000;3.0;;50.0;;50Hertz;552;46055;;;;;2927580.0
396;397;80;291;380000;3.0;3.0;50.0;;;MQ;5980;0.033333;0.333333;10.275;1.95;2927597.0
397;398;80;291;380000;3.0;3.0;50.0;;;MR;6160;0.033333;0.333333;10.275;1.95;2927598.0
398;399;80;291;380000;3.0;3.0;50.0;;;MN;6692;0.033333;0.333333;10.275;1.95;2927599.0
399;400;80;291;380000;3.0;3.0;50.0;;;MP;6544;0.033333;0.333333;10.275;1.95;2927600.0
400;401;278;292;220000;3.0;1.0;50.0;;50Hertz;335;26903;0.16;0.64;5.75;0.65;2928064.0
401;402;278;292;220000;3.0;1.0;50.0;;50Hertz;336;26898;0.16;0.64;5.75;0.65;2928066.0
402;403;37;292;380000;3.0;3.0;50.0;;50Hertz;438;48848;0.033333;0.333333;10.275;1.95;2928164.0
403;404;292;74;380000;3.0;3.0;50.0;532;50Hertz;532;179417;0.033333;0.333333;10.275;1.95;2928165.0
404;405;292;74;380000;3.0;3.0;50.0;531;50Hertz;531;179406;0.033333;0.333333;10.275;1.95;2928166.0
405;406;37;292;380000;3.0;3.0;50.0;;50Hertz;437;48771;0.033333;0.333333;10.275;1.95;2928167.0
406;407;78;293;220000;3.0;2.0;50.0;;50Hertz;383;16091;0.08;0.32;11.5;1.3;2952529.0
407;408;78;293;220000;3.0;2.0;50.0;;50Hertz;384;16123;0.08;0.32;11.5;1.3;2952531.0
408;409;78;294;380000;3.0;3.0;50.0;;50Hertz;463;50419;0.033333;0.333333;10.275;1.95;2952534.0
409;410;78;294;380000;3.0;3.0;50.0;;50Hertz;464;50384;0.033333;0.333333;10.275;1.95;2952535.0
410;411;199;248;220000;3.0;2.0;50.0;Lünen 7;RWE;;2350;0.08;0.32;11.5;1.3;3028644.0
411;412;5;295;220000;3.0;1.0;50.0;Leitung 2025;TenneT;2;10724;0.16;0.64;5.75;0.65;3098194.0
412;413;1;2;220000;3.0;2.0;50.0;Leitung 2016;TenneT;2016;43392;0.08;0.32;11.5;1.3;3109536.0
413;414;4;296;380000;3.0;4.0;50.0;;TenneT;;1387;0.025;0.25;13.7;2.6;3109537.0
414;415;4;296;380000;3.0;4.0;50.0;Leitung 3004;TenneT;;1118;0.025;0.25;13.7;2.6;3109538.0
415;416;2;201;220000;3.0;2.0;50.0;Leitung 2010/2023;TenneT;2;76534;0.08;0.32;11.5;1.3;3109602.0
416;417;3;4;380000;3.0;4.0;50.0;Leitung 3011;TenneT;;72710;0.025;0.25;13.7;2.6;3109630.0
417;418;5;297;220000;3.0;2.0;50.0;Leitung 2028/2029;TenneT;3;16058;0.08;0.32;11.5;1.3;3113413.0
418;419;5;298;220000;3.0;2.0;50.0;Leitung 2028;TenneT;2;6658;0.08;0.32;11.5;1.3;3113414.0
419;420;297;299;220000;3.0;2.0;50.0;Leitung 2027;TenneT;1;30710;0.08;0.32;11.5;1.3;3113438.0
420;421;61;161;220000;3.0;2.0;50.0;201 grün;TenneT;201;35163;0.08;0.32;11.5;1.3;3114809.0
421;422;5;6;220000;3.0;2.0;50.0;Leitung 2024;TenneT;1;33893;0.08;0.32;11.5;1.3;3115297.0
422;423;117;123;380000;3.0;4.0;50.0;Ville Ost;Amprion;;33945;0.025;0.25;13.7;2.6;3228400.0
423;424;133;117;380000;3.0;2.0;50.0;Walberberg West;Amprion;;12909;0.05;0.5;6.85;1.3;3228401.0
424;425;71;74;380000;3.0;3.0;50.0;502;50Hertz;502;169061;0.033333;0.333333;10.275;1.95;3302864.0
425;426;74;280;380000;;4.0;50.0;561 Ragow-Streumen;50Hertz;561;89009;;;;;3306342.0
426;427;74;280;380000;;4.0;50.0;562 Ragow-Streumen;50Hertz;562;89020;;;;;3306343.0
427;428;94;265;220000;3.0;2.0;50.0;Bohmte Ost;Amprion;;21143;0.08;0.32;11.5;1.3;3345100.0
428;429;300;94;220000;3.0;2.0;50.0;Diepholz Ost;Amprion;;32836;0.08;0.32;11.5;1.3;3345101.0
429;430;16;5;380000;3.0;;50.0;Leitung 3023;TenneT;1;36258;;;;;3528700.0
430;431;5;301;380000;3.0;4.0;50.0;Leitung 3026;TenneT;3026;9379;0.025;0.25;13.7;2.6;3533527.0
431;432;32;294;380000;6.0;;50.0;380 kV Leitung Thüringer Wald;;;55916;;;;;3533700.0
432;433;5;29;380000;3.0;4.0;50.0;Leitung 3007;TenneT;1;85898;0.025;0.25;13.7;2.6;3534540.0
433;434;5;29;380000;3.0;4.0;50.0;Leitung 3007;TenneT;2;85903;0.025;0.25;13.7;2.6;3534541.0
434;435;9;29;380000;3.0;4.0;50.0;Leitung 3021;TenneT;;25570;0.025;0.25;13.7;2.6;3534542.0
435;436;302;303;380000;6.0;4.0;50.0;;;;56535;0.0125;0.125;27.4;5.2;3687783.0
436;437;51;302;380000;6.0;4.0;;;;;29743;0.0125;0.125;27.4;5.2;3687803.0
437;438;246;304;380000;6.0;4.0;;Dipperz - Großkrotzenburg;;;89153;0.0125;0.125;27.4;5.2;3688562.0
438;439;31;304;380000;6.0;4.0;50.0;;TenneT;3010;50490;0.0125;0.125;27.4;5.2;3688563.0
439;440;305;306;380000;;;;Einspeisung Umrichter Neckarwestheim;;;254;;;;;3693985.0
440;441;307;306;380000;3.0;3.0;50.0;;;;16822;0.033333;0.333333;10.275;1.95;3693986.0
441;442;308;309;380000;3.0;;;Grafenrheinfeld - Höpfingen;;;92485;;;;;3694014.0
442;443;307;310;380000;;;50.0;;;;7022;;;;;3694015.0
443;444;307;311;380000;3.0;3.0;50.0;Kupferzell - Großgartach;;;47743;0.033333;0.333333;10.275;1.95;3694016.0
444;445;312;311;380000;3.0;4.0;50.0;;;;55273;0.025;0.25;13.7;2.6;3694017.0
445;446;308;311;380000;3.0;;;;;348;101452;;;;;3694018.0
446;447;307;261;380000;6.0;;;Großgartach-Pulverdingen;;;29612;;;;;3697399.0
447;448;500;282;380000;6.0;;;"587;588 Pulgar - Eula";50Hertz;"587;588";19830;;;;;3707291.0
448;449;282;280;380000;6.0;3.0;;"585;586 Eula - Streumen";50Hertz;"585;586";84425;0.016667;0.166667;20.55;3.9;3707292.0
449;450;500;32;380000;3.0;3.0;;Pulgar - Vieselbach;50Hertz Transmission;589;104451;0.033333;0.333333;10.275;1.95;3707293.0
450;451;13;314;380000;6.0;4.0;;;;"419;420";50053;0.0125;0.125;27.4;5.2;3710278.0
451;452;315;316;380000;3.0;4.0;;;;A12;35196;0.025;0.25;13.7;2.6;3710279.0
452;453;314;315;380000;3.0;4.0;;;;L11;51643;0.025;0.25;13.7;2.6;3710281.0
453;454;247;317;220000;3.0;4.0;;Leupolz - Westtirol (220 kV);;;81800;0.04;0.16;23.0;2.6;3710282.0
454;455;247;317;380000;3.0;4.0;;Leupolz - Westtirol (380 kV);;;81820;0.025;0.25;13.7;2.6;3710283.0
455;456;314;318;380000;6.0;4.0;;;;"M12/1;M12/2";1018;0.0125;0.125;27.4;5.2;3710284.0
456;457;314;316;380000;3.0;4.0;;;;;30847;0.025;0.25;13.7;2.6;3710286.0
457;458;264;236;220000;3.0;2.0;;;;;123691;0.08;0.32;11.5;1.3;3712136.0
458;459;264;216;380000;3.0;2.0;;;Amprion;;123198;0.05;0.5;6.85;1.3;3712137.0
459;460;319;233;380000;;3.0;;Dellmensingen - Laichingen;;;24373;;;;;3712217.0
460;461;320;319;380000;3.0;3.0;;Laichingen - Wendlingen;;;36050;0.033333;0.333333;10.275;1.95;3717715.0
461;462;416;501;400000;3.0;4.0;50.0;Asphard (CH) - Sierenz (FR);;;33218;;;;;3717716.0
462;463;231;52;380000;3.0;4.0;;Daxlanden - Kühmoos;;;203746;0.025;0.25;13.7;2.6;3717717.0
463;464;321;322;220000;3.0;4.0;;Eichstetten (DE) - Vogelgrün (FR);;;18423;0.04;0.16;23.0;2.6;3717719.0
464;465;279;323;220000;3.0;;50.0;Röhrsdorf - Crossen;50Hertz;212;30256;;;;;3730414.0
465;466;279;65;380000;3.0;3.0;50.0;;;445;81644;0.033333;0.333333;10.275;1.95;3730415.0
466;467;324;290;380000;3.0;3.0;;553 Schmölln - Hagenwerder;50Hertz;553;56622;0.033333;0.333333;10.275;1.95;3730416.0
467;468;324;325;380000;3.0;3.0;;;;567;15169;0.033333;0.333333;10.275;1.95;3730417.0
468;469;324;325;380000;3.0;3.0;;;;568;16002;0.033333;0.333333;10.275;1.95;3730418.0
469;470;279;326;380000;3.0;3.0;;;50Hertz;591;85362;0.033333;0.333333;10.275;1.95;3730420.0
470;471;326;327;380000;3.0;3.0;;;50Hertz;592;47762;0.033333;0.333333;10.275;1.95;3730421.0
471;472;279;327;380000;3.0;3.0;;;50Hertz;594;37518;0.033333;0.333333;10.275;1.95;3730422.0
472;473;384;353;380000;6.0;2.0;50.0;;;"424;425";100720;0.025;0.25;13.7;2.6;3732172.0
473;474;328;329;220000;3.0;;;Simbach (DE) - St. Peter (AT);;230;11569;;;;;3732376.0
474;475;330;328;220000;3.0;1.0;;Altheim (DE) - St. Peter (AT);;233;77863;0.16;0.64;5.75;0.65;3732377.0
475;476;330;329;220000;3.0;1.0;;;;234;74283;0.16;0.64;5.75;0.65;3732378.0
476;477;328;331;220000;3.0;;;St. Peter (AT) - Pirach (DE);;256;42417;;;;;3732379.0
477;478;332;331;220000;3.0;;;;;257;86154;;;;;3732380.0
478;479;332;328;220000;3.0;;;Pleinting (DE) - St. Peter (AT);;258;48648;;;;;3732381.0
479;480;273;333;400000;6.0;2.0;50.0;Jardelund (DE) - Kassø (DK);;;22616;;;;;3732382.0
480;481;334;78;380000;3.0;3.0;;;;413;56015;0.033333;0.333333;10.275;1.95;3732383.0
481;482;335;308;380000;3.0;4.0;;;;423;49572;0.025;0.25;13.7;2.6;3732385.0
482;483;334;502;380000;3.0;4.0;;;;428;58294;0.025;0.25;13.7;2.6;3732386.0
483;484;334;335;380000;3.0;4.0;;;;435;43353;0.025;0.25;13.7;2.6;3732387.0
484;485;334;336;380000;3.0;2.0;;;;437;49452;0.05;0.5;6.85;1.3;3732388.0
485;486;66;336;380000;3.0;2.0;;;;PWR 437;88422;0.05;0.5;6.85;1.3;3732389.0
486;487;332;337;380000;6.0;4.0;;;;"451;452";63565;0.0125;0.125;27.4;5.2;3732390.0
487;488;338;66;380000;3.0;2.0;;;;457;43396;0.05;0.5;6.85;1.3;3732391.0
488;489;332;338;380000;3.0;2.0;;;;465;112852;0.05;0.5;6.85;1.3;3732392.0
489;490;68;70;380000;3.0;;;Trebur Nord;;;46997;;;;;3736194.0
490;491;68;339;220000;3.0;;;Urberach - Beerfelden;;;52869;;;;;3736195.0
491;492;324;290;380000;3.0;3.0;;554 Schmöln - Hagenwerder;50Hertz;554;56622;0.033333;0.333333;10.275;1.95;3738981.0
492;493;326;290;380000;;;50.0;;50Hertz;"555;556";36426;;;;;3738982.0
493;494;341;282;220000;3.0;1.0;;;50Hertz;233;26919;0.16;0.64;5.75;0.65;3739952.0
494;495;341;342;220000;;;;;50Hertz;357;131763;;;;;3739953.0
495;496;282;342;220000;3.0;1.0;;;50Hertz;358;158679;0.16;0.64;5.75;0.65;3739954.0
496;497;343;294;380000;6.0;3.0;;Altenfeld - Goldisthal;;'461;462';8084.0;0.016667;0.166667;20.55;3.9
497;498;279;344;220000;3.0;2.0;;;50Hertz;226;18298;0.08;0.32;11.5;1.3;3742237.0
498;499;281;345;220000;6.0;;;;50Hertz;"231;232";32210;;;;;3742238.0
499;500;32;342;220000;3.0;2.0;;367 Wolkramshausen - Vieselbach;50Hertz;367;65772;0.08;0.32;11.5;1.3;3742239.0
500;501;32;342;220000;3.0;2.0;;368 Wolkramshausen - Vieselbach;;368;65769;0.08;0.32;11.5;1.3;3742240.0
501;502;72;32;380000;3.0;4.0;;471 Lauchstädt - Vieselbach;50Hertz;471;78039;0.025;0.25;13.7;2.6;3742241.0
502;503;72;32;380000;3.0;4.0;;472 Lauchstädt - Vieselbach;50Hertz;472;78036;0.025;0.25;13.7;2.6;3742242.0
503;504;346;347;380000;6.0;3.0;;;;"903;904";5004;0.016667;0.166667;20.55;3.9;3749523.0
504;505;348;47;380000;6.0;;;;;"919;920";6545;;;;;3749524.0
505;506;46;47;380000;6.0;;;;;"921;922";5180;;;;;3749525.0
506;507;348;347;380000;6.0;;;Charlottenburg - Mitte;;;4167;;;;;3749526.0
507;508;38;346;380000;3.0;;;Teufelsbruch - Reuter;;907;7816;;;;;3749527.0
508;509;349;330;220000;6.0;1.0;;;;"219;220";45222;0.08;0.32;11.5;1.3;3749845.0
509;510;349;350;220000;6.0;1.0;;;;221;73783;0.08;0.32;11.5;1.3;3749846.0
510;511;338;350;220000;3.0;2.0;;;;223;62836;0.08;0.32;11.5;1.3;3749847.0
511;512;349;351;220000;;2.0;;;;"227;228";24278;;;;;3749848.0
512;513;338;336;220000;3.0;1.0;;;;PWR 248;131401;0.16;0.64;5.75;0.65;3749849.0
513;514;14;352;220000;3.0;2.0;;;;258;32843;0.08;0.32;11.5;1.3;3749850.0
514;515;352;353;220000;3.0;2.0;;;;262;39810;0.08;0.32;11.5;1.3;3749851.0
515;516;15;353;380000;3.0;2.0;;;;421;76213;0.05;0.5;6.85;1.3;3749852.0
516;517;354;15;380000;3.0;4.0;;;;429;17702;0.025;0.25;13.7;2.6;3749853.0
517;518;354;15;380000;3.0;4.0;;;;430;17627;0.025;0.25;13.7;2.6;3749854.0
518;519;15;337;380000;9.0;4.0;;;;"443;444;446";61219;0.008333;0.083333;41.1;7.8;3749855.0
519;520;232;227;380000;;;;Vöhringen Amprion - LEW;;;161;;;;;3749856.0
520;521;315;232;220000;3.0;;;Vöhringen LEW - Oberottmarshausen;;;59729;;;;;3749857.0
521;522;235;322;220000;6.0;;;;EnBW;5120;72367;;;;;3756855.0
522;523;322;288;220000;6.0;4.0;;Weier - Eichstetten;;;48835;0.02;0.08;46.0;5.2;3756856.0
523;524;355;100;220000;6.0;;;Niederstedem (DE) - Vianden (LU);;;23055;;;;;3756857.0
524;525;356;355;220000;3.0;;;Bauler (DE) - Vianden (LU);;;2551;;;;;3756858.0
525;526;357;356;220000;3.0;;50.0;Bauler (DE) - Flebour (LU);;;10359;;;;;3756859.0
526;527;356;358;220000;3.0;;50.0;Bauler (DE) - Roost (LU);;;28059;;;;;3756860.0
527;528;359;360;380000;6.0;4.0;50.0;Ensdorf (DE) - Vigy (FR);;;40220;0.0125;0.125;27.4;5.2;3756990.0
528;529;360;361;220000;3.0;2.0;;Ensdorf (DE) - Saint Avold (FR);;;20132;0.08;0.32;11.5;1.3;3756991.0
529;530;235;362;220000;6.0;;;Gurtweil (DE) - Laufenburg (CH);;;22573;;;;;3756997.0
530;531;167;363;220000;6.0;2.0;;Wambel - Ratsbusch;;;1864;0.04;0.16;23.0;2.6;3763835.0
531;532;125;364;220000;6.0;;;Wiesdorf Ltg;;;3618;;;;;3763836.0
532;533;365;346;380000;6.0;;;Reuter;;"901;902";1557;;;;;3764521.0
533;534;261;366;380000;3.0;3.0;50.0;Bruchsal-Kändelweg-Pulverdingen;;;56641;0.033333;0.333333;10.275;1.95;3767046.0
534;535;54;56;380000;3.0;;;HD-Neurott - Phillipsburg;;;22314;;;;;3767048.0
535;536;367;366;380000;3.0;3.0;50.0;Philippsburg-Bruchsal-Kändelweg;;;21655;0.033333;0.333333;10.275;1.95;3767049.0
536;537;231;368;380000;3.0;;;Wehr - Kühmoos II;Schluchseewerk AG;;7677;;;;;3782492.0
537;538;231;368;380000;3.0;;;Wehr - Kühmoos I;Schluchseewerk AG;;7697;;;;;3782493.0
538;539;30;369;380000;3.0;2.0;50.0;Alfstedt - Dollern;TenneT;;32535;0.05;0.5;6.85;1.3;3803146.0
539;540;61;369;380000;3.0;2.0;50.0;Farge - Alfstedt;TenneT;;58758;0.05;0.5;6.85;1.3;3803147.0
540;541;256;370;220000;6.0;2.0;;Diefflen - Dillinger Hütte;;;1300;0.04;0.16;23.0;2.6;3803492.0
541;542;256;371;220000;3.0;2.0;50.0;Diefflen - Obergraben;amprion;2460;481;0.08;0.32;11.5;1.3;3803493.0
542;543;256;372;220000;3.0;2.0;50.0;Diefflen - Saarwellingen;amprion;2451;1123;0.08;0.32;11.5;1.3;3803494.0
543;544;99;360;380000;6.0;4.0;;Uchtelfangen - Ensdorf;;;23314;0.0125;0.125;27.4;5.2;3803495.0
544;545;356;100;220000;6.0;;;;;;20456;;;;;3803496.0
545;546;356;355;220000;3.0;;;Bauler (DE) - Vianden (LU);;;2551;;;;;3803497.0
546;547;334;78;380000;3.0;3.0;;;;414;56005;0.033333;0.333333;10.275;1.95;3805411.0
547;548;338;373;220000;3.0;;;;;PWR 275;35879;;;;;3861963.0
548;549;207;374;220000;3.0;;;Amelsbüren - Münster;;;3524;;;;;3861964.0
549;550;57;375;220000;3.0;2.0;;Oberwald - Elfmorgenbruch;Transnet BW GmbH;;2682;0.08;0.32;11.5;1.3;3861966.0
550;551;209;376;380000;3.0;4.0;;3016;;;5849;0.025;0.25;13.7;2.6;3862869.0
551;552;377;378;380000;3.0;3.0;;AL1-BZW;;;19672;0.033333;0.333333;10.275;1.95;3862870.0
552;553;378;379;380000;3.0;3.0;;AL1-EDS;;;13396;0.033333;0.333333;10.275;1.95;3862871.0
553;554;320;379;380000;3.0;3.0;;EDS-WDL;;;20606;0.033333;0.333333;10.275;1.95;3862873.0
554;555;380;299;220000;3.0;2.0;;Mehrum - Lahe;;;26537;0.08;0.32;11.5;1.3;3862874.0
555;556;307;381;220000;3.0;2.0;;Großgartach - Obrigheim;;;27271;0.08;0.32;11.5;1.3;3866628.0
556;557;382;308;220000;3.0;2.0;50.0;;;234;2736;0.08;0.32;11.5;1.3;3866867.0
557;558;382;383;220000;3.0;;;;;271;5193;;;;;3866868.0
558;559;384;382;220000;3.0;2.0;;;;278;90842;0.08;0.32;11.5;1.3;3866869.0
559;560;246;385;380000;3.0;3.0;;;;412;29670;0.033333;0.333333;10.275;1.95;3866871.0
560;561;246;308;380000;;3.0;;;;417;115835;;;;;3866872.0
561;562;385;308;380000;;;;;;418;86602;;;;;3866873.0
562;563;382;308;380000;;;;;;485;2266;;;;;3866874.0
563;564;382;308;380000;3.0;4.0;;;;487;2959;0.025;0.25;13.7;2.6;3866875.0
564;565;254;225;220000;3.0;1.0;;Pfalz;;;46972;0.16;0.64;5.75;0.65;3868253.0
565;566;220;76;380000;6.0;4.0;;Bechterdissen - Elsen;TenneT;;32036;0.0125;0.125;27.4;5.2;3873611.0
566;567;220;386;220000;3.0;2.0;;Bechterdissen - Lage;;A3;12014;0.08;0.32;11.5;1.3;3873612.0
567;568;387;386;220000;3.0;1.0;;Lage - Veltheim;;A6;40653;0.16;0.64;5.75;0.65;3873613.0
568;569;220;387;220000;;;;Veltheim - Bechterdissen;;;31859;;;;;3873614.0
569;570;388;387;220000;6.0;2.0;;Veltheim - Meißen;;"A8;A9";11103;0.04;0.16;23.0;2.6;3873615.0
570;571;389;385;220000;6.0;;;;;"216;217";46738;;;;;3874447.0
571;572;334;390;380000;3.0;4.0;;;;432;80918;0.025;0.25;13.7;2.6;3874448.0
572;573;384;503;380000;3.0;4.0;;;;431;81199;0.025;0.25;13.7;2.6;3874451.0
573;574;384;390;380000;3.0;4.0;;;;438;27327;0.025;0.25;13.7;2.6;3874452.0
574;575;391;385;220000;6.0;1.0;;Staudinger - Aschaffenburg;;;28944;0.08;0.32;11.5;1.3;3874453.0
575;576;384;389;220000;6.0;1.0;;Trennfeld - Raitersaich;;211;114952;0.08;0.32;11.5;1.3;3874454.0
576;577;144;392;220000;3.0;;50.0;;;;647;;;;;3883649.0
577;578;16;49;380000;3.0;;;;;3024;26183;;;;;3883856.0
578;579;49;50;380000;3.0;;50.0;;;3845;5532;;;;;3883857.0
579;580;37;49;380000;3.0;;;;50Hertz;491;48742;;;;;3883858.0
580;581;37;49;380000;3.0;;;;50Hertz;492;48762;;;;;3883859.0
581;582;393;233;380000;3.0;;50.0;Delmensingen - Niederstotzingen;;;40939;;;;;3883861.0
582;583;394;312;380000;3.0;;;Goldshöfe - Rotensohl;;;20324;;;;;3883862.0
583;584;262;395;380000;3.0;;50.0;Grünkraut - Obermooweiler;;;18321;;;;;3883863.0
584;585;396;230;380000;3.0;;50.0;Gundelfingen - Gundremmingen;LEW;;2192;;;;;3883864.0
585;586;397;504;380000;6.0;4.0;50.0;;TenneT;3011;26751;0.0125;0.125;27.4;5.2;3885009.0
586;587;397;246;380000;3.0;4.0;50.0;;;3024;19673;0.025;0.25;13.7;2.6;3885011.0
587;588;25;398;380000;6.0;2.0;50.0;;TenneT;303;50900;0.025;0.25;13.7;2.6;3885012.0
588;589;81;74;380000;3.0;;;;50Hertz;539;43374;;;;;3885041.0
589;590;81;74;380000;3.0;;;;50Hertz;540;43390;;;;;3885042.0
590;591;280;80;380000;3.0;;50.0;;50Hertz;557;93956;;;;;3885043.0
591;592;280;80;380000;3.0;;50.0;;50Hertz;558;93968;;;;;3885044.0
592;593;81;280;380000;3.0;;;;50Hertz;559;121518;;;;;3885045.0
593;594;81;280;380000;3.0;;;;50Hertz;560;121488;;;;;3885046.0
594;595;399;261;220000;3.0;;;;;9333;9517;;;;;3888199.0
595;596;220;387;220000;3.0;;50.0;;;A1;34215;;;;;3888200.0
596;597;220;400;220000;6.0;;50.0;;;;1688;;;;;3888201.0
597;598;400;387;220000;3.0;;50.0;;Netz Veltheim;A2;33127;;;;;3888202.0
598;599;401;24;220000;3.0;1.0;50.0;207A;TenneT;207A;24711;0.16;0.64;5.75;0.65;3889743.0
599;600;83;401;220000;3.0;1.0;50.0;207A;TenneT;207A;19443;0.16;0.64;5.75;0.65;3889744.0
600;601;22;402;220000;3.0;;;;;212;18361;;;;;3889745.0
601;602;99;239;220000;3.0;2.0;;Osburg;;;70873;0.08;0.32;11.5;1.3;3889746.0
602;603;362;231;220000;6.0;;50.0;Kühmoss - Laufenberg 220 kV;;;9171;;;;;3915992.0
603;604;362;231;380000;6.0;;50.0;Kühmoss - Laufenberg 380 kV;;;9389;;;;;3915993.0
604;605;403;362;380000;3.0;;;Tiengen (DE) - Laufenberg (CH);;;22988;;;;;3916226.0
605;606;403;404;380000;3.0;;;Tiengen (DE) - Beznau (CH) 380 kV;;;10843;;;;;3916290.0
606;607;403;404;220000;3.0;;;Tiengen (DE) - Beznau (CH) 220 kV;;;9954;;;;;3916291.0
607;608;231;501;380000;;;;Asphard (CH) - Kühmoos (DE);;;27687;;;;;3916522.0
608;609;189;362;380000;3.0;;;Trossingen (DE) - Laufenburg (CH);;;82322;;;;;3916550.0
609;610;234;406;220000;3.0;;;Beuren - Stockach;;;12245;;;;;3918228.0
610;611;235;406;220000;3.0;;;Gurtweil - Beuren;;;77281;;;;;3918229.0
611;612;407;408;450000;;;0.0;Herrenwyk (DE) - Kruseberg (SE);;;266520;;;;;3918230.0
612;613;235;403;220000;3.0;;;Tiengen - Gurtweil;;;878;;;;;3918231.0
613;614;216;261;380000;3.0;;;Hoheneck Amprion - Pulverdingen;;;12779;;;;;3926258.0
614;615;409;261;380000;3.0;;;Mühlhausen - Pulverdingen;;;30528;;;;;3926259.0
615;616;410;230;380000;12.0;4.0;;;;;1872;0.00625;0.0625;54.8;10.4;3926261.0
616;617;220;411;220000;3.0;;;Bechterdissen - Paderbord/Süd;;;38689;;;;;3937928.0
617;618;23;412;220000;3.0;;;;;208;48786;;;;;3943779.0
618;619;384;350;220000;;;;;;237;39327;;;;;3943780.0
619;620;307;312;220000;3.0;;;Großgartach - Goldshöfe;;;104727;;;;;3945260.0
620;621;409;320;380000;3.0;;;Mühlhausen - Wendlingen;;;38338;;;;;3945261.0
621;622;413;56;220000;3.0;2.0;;Wiesloch - HD-Neurott;;;9620;0.08;0.32;11.5;1.3;3945263.0
622;623;216;261;380000;3.0;;;;;;12779;;;;;3945266.0
623;624;384;350;220000;3.0;;;;;237;39327;;;;;3946835.0
624;625;27;414;220000;3.0;;;Götzdorf - Stade;;;4546;;;;;3947498.0
625;626;30;27;220000;6.0;;;;;;11535;;;;;3947499.0
626;627;27;415;220000;3.0;;;;;;7034;;;;;3947500.0
627;628;415;414;220000;3.0;;;;;;3108;;;;;3947501.0
628;629;362;501;380000;3.0;;;Asphard - Laufenburg;;;23664;;;;;3948321.0
629;630;416;362;380000;3.0;;;Sierentz (FR) - Laufenburg (CH);;;48482;;;;;3948325.0
630;631;328;417;220000;3.0;;;;;235;36580;;;;;3948357.0
631;632;328;417;220000;3.0;;;;;236;36504;;;;;3948358.0
632;633;418;417;220000;3.0;;;;;237;24385;;;;;3948359.0
633;634;418;417;220000;3.0;;;;;238;24457;;;;;3948360.0
634;635;6;299;220000;3.0;1.0;;;;;14731;0.16;0.64;5.75;0.65;3952096.0
635;636;221;419;300000;;;0.0;Borwin 1;;;189583;;;;;3952638.0
636;637;221;420;300000;;;0.0;Borwin 2;;;189531;;;;;3952639.0
637;638;264;403;220000;;;;Herbertingen - Tiengen;;;112504;;;;;3983637.0
638;639;264;403;380000;;;;Herbertingen - Tiengen;;;113579;;;;;3983638.0
639;640;24;272;220000;3.0;1.0;;;;206;63335;0.16;0.64;5.75;0.65;3983706.0
640;641;224;229;220000;6.0;;;;;;12514;;;;;3989160.0
641;642;421;56;220000;3.0;;;;;;37272;;;;;3989162.0
642;643;421;309;380000;3.0;;;;;;45289;;;;;3989163.0
643;644;422;56;220000;6.0;2.0;;HD-Neurott - HD-Süd;;;3194;0.04;0.16;23.0;2.6;4013370.0
644;645;286;303;220000;6.0;2.0;;Würgassen - Sandershausen;;;46150;0.04;0.16;23.0;2.6;4013372.0
645;646;231;423;220000;3.0;;;Leitung 1 von Säckingen nach Kühlmoos;;;3900;;;;;4013373.0
646;647;424;52;220000;6.0;;;;;;2852;;;;;4013374.0
647;648;220;157;380000;3.0;4.0;;;;4375;26577;0.025;0.25;13.7;2.6;4430965.0
648;649;297;425;220000;6.0;;50.0;;;;3638;;;;;4441425.0
649;650;297;426;220000;6.0;;50.0;;;;2421;;;;;4441426.0
650;651;279;344;220000;3.0;2.0;50.0;;50hertz;225;18201;0.08;0.32;11.5;1.3;4713421.0
651;652;201;62;220000;3.0;1.0;50.0;;;2144;38836;0.16;0.64;5.75;0.65;4741567.0
652;653;279;323;220000;3.0;;50.0;Röhrsdorf - Crossen;50Hertz;211;30252;;;;;4815174.0
653;654;52;53;380000;3.0;4.0;50.0;Eichstetten - Daxlanden;;7510;120921;0.025;0.25;13.7;2.6;4819879.0
654;655;256;371;220000;3.0;2.0;50.0;Diefflen - Obergraben;amprion;2460;484;0.08;0.32;11.5;1.3;4819954.0
655;656;256;372;220000;3.0;2.0;50.0;Diefflen - Saarwellingen;amprion;2451;1110;0.08;0.32;11.5;1.3;4819990.0
656;657;52;427;380000;3.0;4.0;50.0;;;7564;802;0.025;0.25;13.7;2.6;4858100.0
657;658;279;65;380000;3.0;3.0;50.0;;;446;81652;0.033333;0.333333;10.275;1.95;5134203.0
658;659;60;160;380000;3.0;1.0;50.0;;;;207;0.1;1.0;3.425;0.65;5152505.0
659;660;60;160;380000;3.0;1.0;50.0;;;;177;0.1;1.0;3.425;0.65;5152506.0
660;661;159;161;220000;3.0;;50.0;;;;143;;;;;5152510.0
661;662;159;161;220000;3.0;;50.0;;;;113;;;;;5152511.0
662;663;16;49;380000;3.0;4.0;50.0;;;3024;26183;0.025;0.25;13.7;2.6;5207092.0
663;664;24;272;220000;3.0;1.0;50.0;;TenneT;206;63332;0.16;0.64;5.75;0.65;5207200.0
664;665;13;14;220000;3.0;2.0;50.0;Oba-Nfi II;TenneT TSO GmbH;264;39295;0.08;0.32;11.5;1.3;5247406.0
665;666;8;21;380000;3.0;;50.0;"991;992 II";50Hertz;"991;992";28593;;;;;5247533.0
666;667;52;367;380000;3.0;3.0;;Daxladen-Phillippsburg II;;7520;33176;0.033333;0.333333;10.275;1.95;5247596.0
667;668;13;64;380000;3.0;4.0;;Oberbachern - Menzing II;Stadtwerke München;"439;440";17116;0.025;0.25;13.7;2.6;5247617.0
668;669;231;423;220000;3.0;;;Leitung 2 von Säckingen nach Kühlmoos;;;3898;;;;;5268323.0
669;670;231;423;220000;3.0;;;Leitung 3 von Säckingen nach Kühlmoos;;;3867;;;;;5268327.0
670;671;231;423;220000;3.0;;;Leitung 4 von Säckingen nach Kühlmoos;;;3869;;;;;5268331.0
671;672;25;22;380000;3.0;;50.0;309 AKW Brunsbüttel - UW Wilster II;TenneT;309 II;10257;;;;;5374815.0
672;673;28;27;220000;3.0;;50.0;AKW Stade - UW Kummerfeld;;;23794;;;;;5379925.0
673;674;505;362;380000;3.0;2.0;50.0;;;;23092;0.05;0.5;6.85;1.3;6031724.0
674;675;30;201;380000;3.0;2.0;50.0;3100 schwarz;TenneT;3100;52743;0.05;0.5;6.85;1.3;5497488.0
675;676;30;201;380000;3.0;2.0;50.0;3100 grün;TenneT;3100;52746;0.05;0.5;6.85;1.3;5497490.0
676;677;500;32;380000;3.0;3.0;50.0;Pulgar - Vieselbach;50Hertz Transmission;590;104472;0.033333;0.333333;10.275;1.95;5507286.0
677;678;38;346;380000;3.0;;50.0;Teufelsbruch - Reuter;50Hertz Transmission;908;7816;;;;;5681704.0
678;679;506;404;380000;3.0;3.0;50.0;;;;10981;0.033333;0.333333;10.275;1.95;5716084.0
679;680;506;362;380000;3.0;3.0;50.0;;;;15729;0.033333;0.333333;10.275;1.95;5716119.0
680;681;506;507;380000;3.0;;50.0;;;;439;;;;;5716120.0
681;682;362;404;220000;3.0;2.0;50.0;;;;15077;0.08;0.32;11.5;1.3;5716121.0
682;683;332;338;220000;3.0;;;Pleinting - Schwandorf;;;112689;;;;;5794077.0
683;684;508;509;220000;3.0;2.0;50.0;;;;29715;0.08;0.32;11.5;1.3;5978211.0
684;685;362;508;220000;3.0;2.0;50.0;;;;6386;0.08;0.32;11.5;1.3;5978214.0
685;686;362;510;380000;3.0;2.0;50.0;;;;79543;0.05;0.5;6.85;1.3;5986624.0
686;687;362;511;380000;3.0;2.0;50.0;;;;76037;0.05;0.5;6.85;1.3;5986625.0
687;688;362;512;220000;3.0;1.0;50.0;Laufenburg - Lindenholz;;;53296;0.16;0.64;5.75;0.65;6031720.0
688;689;362;513;220000;3.0;1.0;50.0;Laufenburg - Oftenburg;;;29494;0.16;0.64;5.75;0.65;6031722.0
689;690;362;514;380000;3.0;2.0;50.0;;;;23432;0.05;0.5;6.85;1.3;6031723.0
690;691;359;360;400000;;;50.0;;RTE;;40208;;;;;6170191.0
691;692;515;516;380000;6.0;;50.0;;;;163;;;;;6227660.0
692;693;119;431;380000;3.0;4.0;50.0;Kirchberg Süd;Amprion;;20673;0.025;0.25;13.7;2.6;69607.0
693;694;429;431;380000;3.0;4.0;50.0;Kirchberg Süd;Amprion;;3765;0.025;0.25;13.7;2.6;69607.0
694;695;430;431;380000;3.0;4.0;50.0;Kirchberg Süd;Amprion;;34207;0.025;0.25;13.7;2.6;69607.0
695;696;432;434;220000;3.0;2.0;50.0;Silz (AT) - Krün (DE) - Oberbrunn;;"250;251";42197;0.08;0.32;11.5;1.3;110486.0
696;697;433;434;220000;3.0;2.0;50.0;Silz (AT) - Krün (DE) - Oberbrunn;;"250;251";806;0.08;0.32;11.5;1.3;110486.0
697;698;19;434;220000;3.0;2.0;50.0;Silz (AT) - Krün (DE) - Oberbrunn;;"250;251";71416;0.08;0.32;11.5;1.3;110486.0
698;699;44;435;220000;3.0;2.0;50.0;302 Marzahn - Thyrow;50Hertz;302;80;0.08;0.32;11.5;1.3;241441.0
699;700;46;435;220000;3.0;2.0;50.0;302 Marzahn - Thyrow;50Hertz;302;9088;0.08;0.32;11.5;1.3;241441.0
700;701;45;435;220000;3.0;2.0;50.0;302 Marzahn - Thyrow;50Hertz;302;38914;0.08;0.32;11.5;1.3;241441.0
701;702;288;439;220000;3.0;4.0;50.0;Daxlanden - Weier;EnBW;DAXLA-KUMRA-WEIER;47488;0.04;0.16;23.0;2.6;339244.0
702;703;52;439;220000;3.0;4.0;50.0;Daxlanden - Weier;EnBW;DAXLA-KUMRA-WEIER;19944;0.04;0.16;23.0;2.6;339244.0
703;704;438;439;220000;3.0;4.0;50.0;Daxlanden - Weier;EnBW;DAXLA-KUMRA-WEIER;304;0.04;0.16;23.0;2.6;339244.0
704;705;23;440;220000;3.0;1.0;50.0;202;TenneT;202;39547;0.16;0.64;5.75;0.65;908964.0
705;706;402;440;220000;3.0;1.0;50.0;202;TenneT;202;12339;0.16;0.64;5.75;0.65;908964.0
706;707;26;440;220000;3.0;1.0;50.0;202;TenneT;202;9590;0.16;0.64;5.75;0.65;908964.0
707;708;32;442;380000;3.0;4.0;50.0;415;50Hertz;415;25886;0.025;0.25;13.7;2.6;918569.0
708;709;441;442;380000;3.0;4.0;50.0;415;50Hertz;415;3833;0.025;0.25;13.7;2.6;918569.0
709;710;78;442;380000;3.0;4.0;50.0;415;50Hertz;415;51850;0.025;0.25;13.7;2.6;918569.0
710;711;86;444;380000;3.0;4.0;50.0;Emsland West;"Amprion;TenneT";305;84887;0.025;0.25;13.7;2.6;962119.0
711;712;443;444;380000;3.0;4.0;50.0;Emsland West;"Amprion;TenneT";305;60;0.025;0.25;13.7;2.6;962119.0
712;713;221;444;380000;3.0;4.0;50.0;Emsland West;"Amprion;TenneT";305;13173;0.025;0.25;13.7;2.6;962119.0
713;714;207;445;220000;3.0;1.0;50.0;Amelsbüren;Amprion;;42137;0.16;0.64;5.75;0.65;962174.0
714;715;95;445;220000;3.0;1.0;50.0;Amelsbüren;Amprion;;41217;0.16;0.64;5.75;0.65;962174.0
715;716;86;445;220000;3.0;1.0;50.0;Amelsbüren;Amprion;;35349;0.16;0.64;5.75;0.65;962174.0
716;717;181;447;220000;3.0;2.0;50.0;316;50Hertz Transmission;316;61670;0.08;0.32;11.5;1.3;1021993.0
717;718;446;447;220000;3.0;2.0;50.0;316;50Hertz Transmission;316;199;0.08;0.32;11.5;1.3;1021993.0
718;719;42;447;220000;3.0;2.0;50.0;316;50Hertz Transmission;316;89448;0.08;0.32;11.5;1.3;1021993.0
719;720;135;448;380000;3.0;4.0;50.0;Schwerterheide Nord;Amprion;;28639;0.025;0.25;13.7;2.6;1082812.0
720;721;109;448;380000;3.0;4.0;50.0;Schwerterheide Nord;Amprion;;8886;0.025;0.25;13.7;2.6;1082812.0
721;722;112;448;380000;3.0;4.0;50.0;Schwerterheide Nord;Amprion;;16056;0.025;0.25;13.7;2.6;1082812.0
722;723;113;449;380000;3.0;4.0;50.0;Oerkhaus West;Amprion;;11488;0.025;0.25;13.7;2.6;1082813.0
723;724;107;449;380000;3.0;4.0;50.0;Oerkhaus West;Amprion;;129;0.025;0.25;13.7;2.6;1082813.0
724;725;132;449;380000;3.0;4.0;50.0;Oerkhaus West;Amprion;;39216;0.025;0.25;13.7;2.6;1082813.0
725;726;112;451;380000;3.0;4.0;50.0;Witten West;Amprion;;16271;0.025;0.25;13.7;2.6;1082817.0
726;727;450;451;380000;3.0;4.0;50.0;Witten West;Amprion;;455;0.025;0.25;13.7;2.6;1082817.0
727;728;109;451;380000;3.0;4.0;50.0;Witten West;Amprion;;8293;0.025;0.25;13.7;2.6;1082817.0
728;729;452;453;380000;3.0;4.0;50.0;Selhausen West;Amprion;;344;0.025;0.25;13.7;2.6;1082945.0
729;730;100;453;380000;3.0;4.0;50.0;Selhausen West;Amprion;;58347;0.025;0.25;13.7;2.6;1082945.0
730;731;119;453;380000;3.0;4.0;50.0;Selhausen West;Amprion;;60215;0.025;0.25;13.7;2.6;1082945.0
731;732;124;454;380000;3.0;4.0;50.0;Neurath 2b;Amprion;;376;0.025;0.25;13.7;2.6;1082950.0
732;733;125;454;380000;3.0;4.0;50.0;Neurath 2b;Amprion;;35535;0.025;0.25;13.7;2.6;1082950.0
733;734;131;454;380000;3.0;4.0;50.0;Neurath 2b;Amprion;;226;0.025;0.25;13.7;2.6;1082950.0
734;735;455;456;380000;3.0;4.0;50.0;Meerbusch West;Amprion;;13641;0.025;0.25;13.7;2.6;1082951.0
735;736;173;456;380000;3.0;4.0;50.0;Meerbusch West;Amprion;;16534;0.025;0.25;13.7;2.6;1082951.0
736;737;184;456;380000;3.0;4.0;50.0;Meerbusch West;Amprion;;23238;0.025;0.25;13.7;2.6;1082951.0
737;738;100;453;380000;3.0;4.0;50.0;Selhausen Ost;Amprion;;58369;0.025;0.25;13.7;2.6;1082968.0
738;739;452;453;380000;3.0;4.0;50.0;Selhausen Ost;Amprion;;341;0.025;0.25;13.7;2.6;1082968.0
739;740;119;453;380000;3.0;4.0;50.0;Selhausen Ost;Amprion;;60215;0.025;0.25;13.7;2.6;1082968.0
740;741;144;457;220000;3.0;2.0;50.0;Hochlarmark West;Amprion;;11607;0.08;0.32;11.5;1.3;1082978.0
741;742;140;457;220000;3.0;2.0;50.0;Hochlarmark West;Amprion;;10577;0.08;0.32;11.5;1.3;1082978.0
742;743;87;457;220000;3.0;2.0;50.0;Hochlarmark West;Amprion;;17387;0.08;0.32;11.5;1.3;1082978.0
743;744;165;458;220000;3.0;2.0;50.0;Haarstrang Ost;Amprion;;76746;0.08;0.32;11.5;1.3;1082988.0
744;745;141;458;220000;3.0;2.0;50.0;Haarstrang Ost;Amprion;;12095;0.08;0.32;11.5;1.3;1082988.0
745;746;450;458;220000;3.0;2.0;50.0;Haarstrang Ost;Amprion;;140;0.08;0.32;11.5;1.3;1082988.0
746;747;106;460;220000;3.0;2.0;50.0;Welper Ost;Amprion;;5296;0.08;0.32;11.5;1.3;1082991.0
747;748;144;460;220000;3.0;2.0;50.0;Welper Ost;Amprion;;6851;0.08;0.32;11.5;1.3;1082991.0
748;749;459;460;220000;3.0;2.0;50.0;Welper Ost;Amprion;;1686;0.08;0.32;11.5;1.3;1082991.0
749;750;199;462;220000;3.0;1.0;50.0;Elmenhorst Süd;Amprion;;9882;0.16;0.64;5.75;0.65;1082993.0
750;751;140;462;220000;3.0;1.0;50.0;Elmenhorst Süd;Amprion;;7667;0.16;0.64;5.75;0.65;1082993.0
751;752;461;462;220000;3.0;1.0;50.0;Elmenhorst Süd;Amprion;;1719;0.16;0.64;5.75;0.65;1082993.0
752;753;461;462;220000;3.0;1.0;50.0;Cappenberg Nord;Amprion;;1719;0.16;0.64;5.75;0.65;1082995.0
753;754;165;462;220000;3.0;1.0;50.0;Cappenberg Nord;Amprion;;29546;0.16;0.64;5.75;0.65;1082995.0
754;755;140;462;220000;3.0;1.0;50.0;Cappenberg Nord;Amprion;;7658;0.16;0.64;5.75;0.65;1082995.0
755;756;184;463;220000;3.0;1.0;50.0;Utfort West;Amprion;;21121;0.16;0.64;5.75;0.65;1083000.0
756;757;153;463;220000;3.0;1.0;50.0;Utfort West;Amprion;;22759;0.16;0.64;5.75;0.65;1083000.0
757;758;176;463;220000;3.0;1.0;50.0;Utfort West;Amprion;;3463;0.16;0.64;5.75;0.65;1083000.0
758;759;117;465;220000;3.0;2.0;50.0;Godorf Ost;Amprion;;6533;0.08;0.32;11.5;1.3;1083936.0
759;760;464;465;220000;3.0;2.0;50.0;Godorf Ost;Amprion;;3015;0.08;0.32;11.5;1.3;1083936.0
760;761;134;465;220000;3.0;2.0;50.0;Godorf Ost;Amprion;;17870;0.08;0.32;11.5;1.3;1083936.0
761;762;150;467;220000;3.0;2.0;50.0;Gremberghoven Ost;Amprion;;12144;0.08;0.32;11.5;1.3;1083940.0
762;763;149;467;220000;3.0;2.0;50.0;Gremberghoven Ost;Amprion;;8580;0.08;0.32;11.5;1.3;1083940.0
763;764;466;467;220000;3.0;2.0;50.0;Gremberghoven Ost;Amprion;;100;0.08;0.32;11.5;1.3;1083940.0
764;765;105;469;220000;3.0;1.0;50.0;Wesel Ost;Amprion;;10852;0.16;0.64;5.75;0.65;1167322.0
765;766;468;469;220000;3.0;1.0;50.0;Wesel Ost;Amprion;;5443;0.16;0.64;5.75;0.65;1167322.0
766;767;184;469;220000;3.0;1.0;50.0;Wesel Ost;Amprion;;9236;0.16;0.64;5.75;0.65;1167322.0
767;768;110;470;380000;3.0;4.0;50.0;Uentrop Nord;Amprion;;14880;0.025;0.25;13.7;2.6;1547589.0
768;769;90;470;380000;3.0;4.0;50.0;Uentrop Nord;Amprion;;42344;0.025;0.25;13.7;2.6;1547589.0
769;770;165;470;380000;3.0;4.0;50.0;Uentrop Nord;Amprion;;12437;0.025;0.25;13.7;2.6;1547589.0
770;771;464;471;220000;3.0;2.0;50.0;Olefin West;Amprion;;3031;0.08;0.32;11.5;1.3;1548410.0
771;772;134;471;220000;3.0;2.0;50.0;Olefin West;Amprion;;17908;0.08;0.32;11.5;1.3;1548410.0
772;773;117;471;220000;3.0;2.0;50.0;Olefin West;Amprion;;6495;0.08;0.32;11.5;1.3;1548410.0
773;774;472;473;380000;3.0;4.0;50.0;Gersteinwerk Ost;Amprion;;13583;0.025;0.25;13.7;2.6;1610621.0
774;775;110;473;380000;3.0;4.0;50.0;Gersteinwerk Ost;Amprion;;14640;0.025;0.25;13.7;2.6;1610621.0
775;776;165;473;380000;3.0;4.0;50.0;Gersteinwerk Ost;Amprion;;13226;0.025;0.25;13.7;2.6;1610621.0
776;777;474;475;220000;3.0;2.0;50.0;Leitung 2010/2023;TenneT;1;797;0.08;0.32;11.5;1.3;1631562.0
777;778;201;475;220000;3.0;2.0;50.0;Leitung 2010/2023;TenneT;1;33880;0.08;0.32;11.5;1.3;1631562.0
778;779;2;475;220000;3.0;2.0;50.0;Leitung 2010/2023;TenneT;1;42735;0.08;0.32;11.5;1.3;1631562.0
779;780;265;477;220000;3.0;1.0;50.0;Halle West;Amprion;;28136;0.16;0.64;5.75;0.65;1633668.0
780;781;476;477;220000;3.0;1.0;50.0;Halle West;Amprion;;1188;0.16;0.64;5.75;0.65;1633668.0
781;782;157;477;220000;3.0;1.0;50.0;Halle West;Amprion;;18533;0.16;0.64;5.75;0.65;1633668.0
782;783;136;478;380000;3.0;4.0;50.0;Geithe West;Amprion;;4091;0.025;0.25;13.7;2.6;1703254.0
783;784;110;478;380000;3.0;4.0;50.0;Geithe West;Amprion;;1128;0.025;0.25;13.7;2.6;1703254.0
784;785;253;478;380000;3.0;4.0;50.0;Geithe West;Amprion;;244;0.025;0.25;13.7;2.6;1703254.0
785;786;226;480;220000;3.0;1.0;50.0;Leitung 2030/2001;TenneT;2030/2001;13345;0.16;0.64;5.75;0.65;1740849.0
786;787;479;480;220000;3.0;1.0;50.0;Leitung 2030/2001;TenneT;2030/2001;5246;0.16;0.64;5.75;0.65;1740849.0
787;788;259;480;220000;3.0;1.0;50.0;Leitung 2030/2001;TenneT;2030/2001;30661;0.16;0.64;5.75;0.65;1740849.0
788;789;259;480;220000;3.0;1.0;50.0;Leitung 2001;TenneT;2001;30662;0.16;0.64;5.75;0.65;1740852.0
789;790;479;480;220000;3.0;1.0;50.0;Leitung 2001;TenneT;2001;5246;0.16;0.64;5.75;0.65;1740852.0
790;791;6;480;220000;3.0;1.0;50.0;Leitung 2001;TenneT;2001;61023;0.16;0.64;5.75;0.65;1740852.0
791;792;301;481;380000;3.0;4.0;50.0;Leitung 3019/3026/3027;;"3019;3026;3027";76491;0.025;0.25;13.7;2.6;2318069.0
792;793;3;481;380000;3.0;4.0;50.0;Leitung 3019/3026/3027;;"3019;3026;3027";1614;0.025;0.25;13.7;2.6;2318069.0
793;794;210;481;380000;3.0;4.0;50.0;Leitung 3019/3026/3027;;"3019;3026;3027";856;0.025;0.25;13.7;2.6;2318069.0
794;795;299;482;220000;3.0;2.0;50.0;Leitung 2019/2027/2029;TenneT;2;29276;0.08;0.32;11.5;1.3;3113412.0
795;796;298;482;220000;3.0;2.0;50.0;Leitung 2019/2027/2029;TenneT;2;8468;0.08;0.32;11.5;1.3;3113412.0
796;797;297;482;220000;3.0;2.0;50.0;Leitung 2019/2027/2029;TenneT;2;1433;0.08;0.32;11.5;1.3;3113412.0
797;798;284;518;380000;6.0;4.0;50.0;;TenneT;3002;72555;0.0125;0.125;27.4;5.2;3688564.0
798;799;51;518;380000;6.0;4.0;50.0;;TenneT;3002;105;0.0125;0.125;27.4;5.2;3688564.0
799;800;517;518;380000;6.0;4.0;50.0;;TenneT;3002;116;0.0125;0.125;27.4;5.2;3688564.0
800;801;315;484;380000;3.0;4.0;;K12;;;50242;0.025;0.25;13.7;2.6;3710280.0
801;802;483;484;380000;3.0;4.0;;K12;;;88;0.025;0.25;13.7;2.6;3710280.0
802;803;247;484;380000;3.0;4.0;;K12;;;30415;0.025;0.25;13.7;2.6;3710280.0
803;804;485;487;220000;3.0;2.0;;;;O11;42997;0.08;0.32;11.5;1.3;3710285.0
804;805;315;487;220000;3.0;2.0;;;;O11;37581;0.08;0.32;11.5;1.3;3710285.0
805;806;486;487;220000;3.0;2.0;;;;O11;117;0.08;0.32;11.5;1.3;3710285.0
806;807;519;521;380000;3.0;3.0;;;50Hertz;577;4739;0.033333;0.333333;10.275;1.95;3730419.0
807;808;279;521;380000;3.0;3.0;;;50Hertz;577;26169;0.033333;0.333333;10.275;1.95;3730419.0
808;809;520;521;380000;3.0;3.0;;;50Hertz;577;17414;0.033333;0.333333;10.275;1.95;3730419.0
809;810;522;523;380000;3.0;4.0;50.0;547 Neuenhagen - Preilack;50Hertz;547;7642;0.025;0.25;13.7;2.6;3738978.0
810;811;81;523;380000;3.0;4.0;50.0;547 Neuenhagen - Preilack;50Hertz;547;38615;0.025;0.25;13.7;2.6;3738978.0
811;812;12;523;380000;3.0;4.0;50.0;547 Neuenhagen - Preilack;50Hertz;547;87113;0.025;0.25;13.7;2.6;3738978.0
812;813;522;523;380000;3.0;4.0;50.0;548 Neuenhagen - Preilack;50Hertz;548;7630;0.025;0.25;13.7;2.6;3738980.0
813;814;81;523;380000;3.0;4.0;50.0;548 Neuenhagen - Preilack;50Hertz;548;38638;0.025;0.25;13.7;2.6;3738980.0
814;815;12;523;380000;3.0;4.0;50.0;548 Neuenhagen - Preilack;50Hertz;548;87113;0.025;0.25;13.7;2.6;3738980.0
815;816;421;488;380000;3.0;;;HD-Neurott - Hüffenhardt;;;31844;;;;;3767047.0
816;817;56;488;380000;3.0;;;HD-Neurott - Hüffenhardt;;;7601;;;;;3767047.0
817;818;413;488;380000;3.0;;;HD-Neurott - Hüffenhardt;;;2206;;;;;3767047.0
818;819;489;490;380000;3.0;;;;TenneT;3012;261;;;;;3862868.0
819;820;3;490;380000;3.0;;;;TenneT;3012;28956;;;;;3862868.0
820;821;303;490;380000;3.0;;;;TenneT;3012;27970;;;;;3862868.0
821;822;233;491;380000;3.0;;50.0;Delmensingen - Niederstotzingen - Rotensohl;;;40623;;;;;3883860.0
822;823;394;491;380000;3.0;;50.0;Delmensingen - Niederstotzingen - Rotensohl;;;26428;;;;;3883860.0
823;824;393;491;380000;3.0;;50.0;Delmensingen - Niederstotzingen - Rotensohl;;;246;;;;;3883860.0
824;825;391;494;220000;9.0;;;Staudinger - Dörnigheim - Frankfurt Nord;;;21046;;;;;3945262.0
825;826;492;494;220000;9.0;;;Staudinger - Dörnigheim - Frankfurt Nord;;;770;;;;;3945262.0
826;827;493;494;220000;9.0;;;Staudinger - Dörnigheim - Frankfurt Nord;;;662;;;;;3945262.0
827;828;23;440;220000;3.0;1.0;50.0;202 II;TenneT;;39547;0.16;0.64;5.75;0.65;5299662.0
828;829;402;440;220000;3.0;1.0;50.0;202 II;TenneT;;12339;0.16;0.64;5.75;0.65;5299662.0
829;830;26;440;220000;3.0;1.0;50.0;202 II;TenneT;;9590;0.16;0.64;5.75;0.65;5299662.0
830;831;432;434;220000;3.0;2.0;50.0;Silz (AT) - Krün (DE) - Oberbrunn II;;"250;251";42197;0.08;0.32;11.5;1.3;5308445.0
831;832;433;434;220000;3.0;2.0;50.0;Silz (AT) - Krün (DE) - Oberbrunn II;;"250;251";806;0.08;0.32;11.5;1.3;5308445.0
832;833;19;434;220000;3.0;2.0;50.0;Silz (AT) - Krün (DE) - Oberbrunn II;;"250;251";71416;0.08;0.32;11.5;1.3;5308445.0
833;834;519;521;380000;3.0;3.0;50.0;;50Hertz;578;4718;0.033333;0.333333;10.275;1.95;5308496.0
834;835;279;521;380000;3.0;3.0;50.0;;50Hertz;578;26169;0.033333;0.333333;10.275;1.95;5308496.0
835;836;520;521;380000;3.0;3.0;50.0;;50Hertz;578;17414;0.033333;0.333333;10.275;1.95;5308496.0
